locale_pl/locale/pl/map/metin2_map_a3_point.txt	locale/pl/map/metin2_map_a3_point.txt	1
locale_pl/locale/pl/item_list.txt	locale/pl/item_list.txt	1
locale_pl/locale/pl/insult.txt	locale/pl/insult.txt	1
locale_pl/locale/pl/ui/taskbar_haloween.py	locale/pl/ui/taskbar_haloween.py	1
locale_pl/locale/pl/map/metin2_map_c1_point.txt	locale/pl/map/metin2_map_c1_point.txt	1
locale_pl/locale/pl/empiredesc_a.txt	locale/pl/empiredesc_a.txt	1
locale_pl/locale/pl/empiredesc_c.txt	locale/pl/empiredesc_c.txt	1
locale_pl/locale/pl/ui/serverlist.sub	locale/pl/ui/serverlist.sub	1
locale_pl/locale/pl/ui/select_old.jpg	locale/pl/ui/select_old.jpg	1
locale_pl/locale/pl/ui/login.jpg	locale/pl/ui/login.jpg	1
locale_pl/locale/pl/empiredesc_b.txt	locale/pl/empiredesc_b.txt	1
locale_pl/locale/pl/icon/scroll_open.tga	locale/pl/icon/scroll_open.tga	1
locale_pl/locale/pl/map/metin2_map_n_flame_01_point.txt	locale/pl/map/metin2_map_n_flame_01_point.txt	1
locale_pl/locale/pl/guildbuildinglist.txt	locale/pl/guildbuildinglist.txt	1
locale_pl/locale/pl/item_proto	locale/pl/item_proto	1
locale_pl/locale/pl/map/metin2_map_n_desert_01_point.txt	locale/pl/map/metin2_map_n_desert_01_point.txt	1
locale_pl/locale/pl/itemdesc.txt	locale/pl/itemdesc.txt	1
locale_pl/locale/pl/ui/inventorywindow.py	locale/pl/ui/inventorywindow.py	1
locale_pl/locale/pl/jobdesc_assassin.txt	locale/pl/jobdesc_assassin.txt	1
locale_pl/locale/pl/ui/vkey/key_backspace.tga	locale/pl/ui/vkey/key_backspace.tga	1
locale_pl/locale/pl/ui/serverlist.jpg	locale/pl/ui/serverlist.jpg	1
locale_pl/locale/pl/ui/login.sub	locale/pl/ui/login.sub	1
locale_pl/locale/pl/jobdesc_shaman.txt	locale/pl/jobdesc_shaman.txt	1
locale_pl/locale/pl/map/map_b2_point.txt	locale/pl/map/map_b2_point.txt	1
locale_pl/locale/pl/jobdesc_sura.txt	locale/pl/jobdesc_sura.txt	1
locale_pl/locale/pl/ui/vkey/key_normal_dn.tga	locale/pl/ui/vkey/key_normal_dn.tga	1
locale_pl/locale/pl/jobdesc_warrior.txt	locale/pl/jobdesc_warrior.txt	1
locale_pl/locale/pl/locale_game.txt	locale/pl/locale_game.txt	1
locale_pl/locale/pl/ui/dragonsoulrefinewindow.py	locale/pl/ui/dragonsoulrefinewindow.py	1
locale_pl/locale/pl/map/metin2_map_a1_point.txt	locale/pl/map/metin2_map_a1_point.txt	1
locale_pl/locale/pl/locale_interface.txt	locale/pl/locale_interface.txt	1
locale_pl/locale/pl/ui/mall/herz0008.tga	locale/pl/ui/mall/herz0008.tga	1
locale_pl/locale/pl/mob_proto	locale/pl/mob_proto	1
locale_pl/locale/pl/skilltable.txt	locale/pl/skilltable.txt	1
locale_pl/locale/pl/skilldesc.txt	locale/pl/skilldesc.txt	1
locale_pl/locale/pl/ui/systemdialog.py	locale/pl/ui/systemdialog.py	1
locale_pl/locale/pl/ui/select/name_sura.sub	locale/pl/ui/select/name_sura.sub	1
locale_pl/locale/pl/effect/gm.mse	locale/pl/effect/gm.mse	1
locale_pl/locale/pl/effect/ymirred.tga	locale/pl/effect/ymirred.tga	1
locale_pl/locale/pl/ui/mall/herz0015.tga	locale/pl/ui/mall/herz0015.tga	1
locale_pl/locale/pl/icon/scroll_close.tga	locale/pl/icon/scroll_close.tga	1
locale_pl/locale/pl/ui/passworddialog.py	locale/pl/ui/passworddialog.py	1
locale_pl/locale/pl/ui/energybar.py	locale/pl/ui/energybar.py	1
locale_pl/locale/pl/map/map_a2_point.txt	locale/pl/map/map_a2_point.txt	1
locale_pl/locale/pl/map/map_c2_point.txt	locale/pl/map/map_c2_point.txt	1
locale_pl/locale/pl/ui/windows/title_skill.sub	locale/pl/ui/windows/title_skill.sub	1
locale_pl/locale/pl/ui/selectempirewindow.py	locale/pl/ui/selectempirewindow.py	1
locale_pl/locale/pl/map/map_n_snowm_01_point.txt	locale/pl/map/map_n_snowm_01_point.txt	1
locale_pl/locale/pl/map/metin2_map_b1_point.txt	locale/pl/map/metin2_map_b1_point.txt	1
locale_pl/locale/pl/map/metin2_map_b3_point.txt	locale/pl/map/metin2_map_b3_point.txt	1
locale_pl/locale/pl/ui/expandedtaskbar.py	locale/pl/ui/expandedtaskbar.py	1
locale_pl/locale/pl/map/metin2_map_c3_point.txt	locale/pl/map/metin2_map_c3_point.txt	1
locale_pl/locale/pl/ui/mall/15.sub	locale/pl/ui/mall/15.sub	1
locale_pl/locale/pl/ui/costume_bg.jpg	locale/pl/ui/costume_bg.jpg	1
locale_pl/locale/pl/ui/taskbar.py	locale/pl/ui/taskbar.py	1
locale_pl/locale/pl/ui/highlighted_quest.tga	locale/pl/ui/highlighted_quest.tga	1
locale_pl/locale/pl/ui/mall/12.sub	locale/pl/ui/mall/12.sub	1
locale_pl/locale/pl/ui/loading/gauge_empty.dds	locale/pl/ui/loading/gauge_empty.dds	1
locale_pl/locale/pl/ui/createcharacterwindow.py	locale/pl/ui/createcharacterwindow.py	1
locale_pl/locale/pl/ui/taskbar_easter.py	locale/pl/ui/taskbar_easter.py	1
locale_pl/locale/pl/ui/mapname/skipia.tga	locale/pl/ui/mapname/skipia.tga	1
locale_pl/locale/pl/ui/mall/herz0002.tga	locale/pl/ui/mall/herz0002.tga	1
locale_pl/locale/pl/ui/dragonsoulwindow.py	locale/pl/ui/dragonsoulwindow.py	1
locale_pl/locale/pl/ui/giftbox.py	locale/pl/ui/giftbox.py	1
locale_pl/locale/pl/ui/mall/10.sub	locale/pl/ui/mall/10.sub	1
locale_pl/locale/pl/ui/highlighted_quest_r.tga	locale/pl/ui/highlighted_quest_r.tga	1
locale_pl/locale/pl/ui/mapname/b3.tga	locale/pl/ui/mapname/b3.tga	1
locale_pl/locale/pl/ui/loadingwindow.py	locale/pl/ui/loadingwindow.py	1
locale_pl/locale/pl/ui/login_dark_dragons.jpg	locale/pl/ui/login_dark_dragons.jpg	1
locale_pl/locale/pl/ui/loginwindow.py	locale/pl/ui/loginwindow.py	1
locale_pl/locale/pl/ui/costume/costume_bg.jpg	locale/pl/ui/costume/costume_bg.jpg	1
locale_pl/locale/pl/ui/new_cube_bg.tga	locale/pl/ui/new_cube_bg.tga	1
locale_pl/locale/pl/ui/select.jpg	locale/pl/ui/select.jpg	1
locale_pl/locale/pl/ui/select.sub	locale/pl/ui/select.sub	1
locale_pl/locale/pl/ui/windows/windows.dds	locale/pl/ui/windows/windows.dds	1
locale_pl/locale/pl/ui/selectcharacterwindow.py	locale/pl/ui/selectcharacterwindow.py	1
locale_pl/locale/pl/ui/taskbar_valentine.py	locale/pl/ui/taskbar_valentine.py	1
locale_pl/locale/pl/ui/webwindow.py	locale/pl/ui/webwindow.py	1
locale_pl/locale/pl/ui/empire/empire.dds	locale/pl/ui/empire/empire.dds	1
locale_pl/locale/pl/ui/empire/title.sub	locale/pl/ui/empire/title.sub	1
locale_pl/locale/pl/ui/guild/guild.dds	locale/pl/ui/guild/guild.dds	1
locale_pl/locale/pl/ui/guild/tab_1.sub	locale/pl/ui/guild/tab_1.sub	1
locale_pl/locale/pl/ui/windows/tab_1.sub	locale/pl/ui/windows/tab_1.sub	1
locale_pl/locale/pl/ui/guild/tab_2.sub	locale/pl/ui/guild/tab_2.sub	1
locale_pl/locale/pl/ui/mapname/devil1.tga	locale/pl/ui/mapname/devil1.tga	1
locale_pl/locale/pl/ui/guild/tab_3.sub	locale/pl/ui/guild/tab_3.sub	1
locale_pl/locale/pl/ui/guild/tab_4.sub	locale/pl/ui/guild/tab_4.sub	1
locale_pl/locale/pl/ui/mall/easter_2012_0005.tga	locale/pl/ui/mall/easter_2012_0005.tga	1
locale_pl/locale/pl/ui/guild/tab_5.sub	locale/pl/ui/guild/tab_5.sub	1
locale_pl/locale/pl/ui/guild/tab_6.sub	locale/pl/ui/guild/tab_6.sub	1
locale_pl/locale/pl/ui/loading/gauge_full.dds	locale/pl/ui/loading/gauge_full.dds	1
locale_pl/locale/pl/ui/login/copyright.sub	locale/pl/ui/login/copyright.sub	1
locale_pl/locale/pl/ui/login/g4d.sub	locale/pl/ui/login/g4d.sub	1
locale_pl/locale/pl/ui/login/login.dds	locale/pl/ui/login/login.dds	1
locale_pl/locale/pl/ui/login/loginwindow.sub	locale/pl/ui/login/loginwindow.sub	1
locale_pl/locale/pl/ui/login/published.sub	locale/pl/ui/login/published.sub	1
locale_pl/locale/pl/ui/mapname/bay.tga	locale/pl/ui/mapname/bay.tga	1
locale_pl/locale/pl/ui/login/title.sub	locale/pl/ui/login/title.sub	1
locale_pl/locale/pl/ui/mall/00.sub	locale/pl/ui/mall/00.sub	1
locale_pl/locale/pl/ui/mall/01.sub	locale/pl/ui/mall/01.sub	1
locale_pl/locale/pl/ui/mall/02.sub	locale/pl/ui/mall/02.sub	1
locale_pl/locale/pl/ui/mall/03.sub	locale/pl/ui/mall/03.sub	1
locale_pl/locale/pl/ui/mapname/devil1_3f.tga	locale/pl/ui/mapname/devil1_3f.tga	1
locale_pl/locale/pl/ui/mall/04.sub	locale/pl/ui/mall/04.sub	1
locale_pl/locale/pl/ui/mall/05.sub	locale/pl/ui/mall/05.sub	1
locale_pl/locale/pl/ui/mall/06.sub	locale/pl/ui/mall/06.sub	1
locale_pl/locale/pl/ui/mapname/dawn.tga	locale/pl/ui/mapname/dawn.tga	1
locale_pl/locale/pl/ui/mall/07.sub	locale/pl/ui/mall/07.sub	1
locale_pl/locale/pl/ui/mall/08.sub	locale/pl/ui/mall/08.sub	1
locale_pl/locale/pl/ui/mall/09.sub	locale/pl/ui/mall/09.sub	1
locale_pl/locale/pl/ui/mall/11.sub	locale/pl/ui/mall/11.sub	1
locale_pl/locale/pl/ui/mall/13.sub	locale/pl/ui/mall/13.sub	1
locale_pl/locale/pl/ui/mall/14.sub	locale/pl/ui/mall/14.sub	1
locale_pl/locale/pl/ui/mall/16.sub	locale/pl/ui/mall/16.sub	1
locale_pl/locale/pl/ui/vkey/key_normal.tga	locale/pl/ui/vkey/key_normal.tga	1
locale_pl/locale/pl/ui/mall/easter_2012_0000.tga	locale/pl/ui/mall/easter_2012_0000.tga	1
locale_pl/locale/pl/ui/mall/easter_2012_0001.tga	locale/pl/ui/mall/easter_2012_0001.tga	1
locale_pl/locale/pl/ui/mall/easter_2012_0002.tga	locale/pl/ui/mall/easter_2012_0002.tga	1
locale_pl/locale/pl/ui/mall/easter_2012_0003.tga	locale/pl/ui/mall/easter_2012_0003.tga	1
locale_pl/locale/pl/ui/mall/easter_2012_0004.tga	locale/pl/ui/mall/easter_2012_0004.tga	1
locale_pl/locale/pl/ui/mall/easter_2012_0006.tga	locale/pl/ui/mall/easter_2012_0006.tga	1
locale_pl/locale/pl/ui/mall/easter_2012_0007.tga	locale/pl/ui/mall/easter_2012_0007.tga	1
locale_pl/locale/pl/ui/mall/easter_2012_0008.tga	locale/pl/ui/mall/easter_2012_0008.tga	1
locale_pl/locale/pl/ui/windows/label_std.sub	locale/pl/ui/windows/label_std.sub	1
locale_pl/locale/pl/ui/mall/easter_2012_0009.tga	locale/pl/ui/mall/easter_2012_0009.tga	1
locale_pl/locale/pl/ui/mall/herz0000.tga	locale/pl/ui/mall/herz0000.tga	1
locale_pl/locale/pl/ui/mall/herz0001.tga	locale/pl/ui/mall/herz0001.tga	1
locale_pl/locale/pl/ui/vkey/key_space_over.tga	locale/pl/ui/vkey/key_space_over.tga	1
locale_pl/locale/pl/ui/mall/herz0003.tga	locale/pl/ui/mall/herz0003.tga	1
locale_pl/locale/pl/ui/mall/herz0004.tga	locale/pl/ui/mall/herz0004.tga	1
locale_pl/locale/pl/ui/mall/herz0005.tga	locale/pl/ui/mall/herz0005.tga	1
locale_pl/locale/pl/ui/mall/herz0006.tga	locale/pl/ui/mall/herz0006.tga	1
locale_pl/locale/pl/ui/mall/herz0007.tga	locale/pl/ui/mall/herz0007.tga	1
locale_pl/locale/pl/ui/mall/herz0009.tga	locale/pl/ui/mall/herz0009.tga	1
locale_pl/locale/pl/ui/mapname/devil1_1f.tga	locale/pl/ui/mapname/devil1_1f.tga	1
locale_pl/locale/pl/ui/mall/herz0010.tga	locale/pl/ui/mall/herz0010.tga	1
locale_pl/locale/pl/ui/mall/herz0011.tga	locale/pl/ui/mall/herz0011.tga	1
locale_pl/locale/pl/ui/mall/herz0012.tga	locale/pl/ui/mall/herz0012.tga	1
locale_pl/locale/pl/ui/windows/label_std_item2.sub	locale/pl/ui/windows/label_std_item2.sub	1
locale_pl/locale/pl/ui/mall/herz0013.tga	locale/pl/ui/mall/herz0013.tga	1
locale_pl/locale/pl/ui/mall/herz0014.tga	locale/pl/ui/mall/herz0014.tga	1
locale_pl/locale/pl/ui/mall/mall.tga	locale/pl/ui/mall/mall.tga	1
locale_pl/locale/pl/ui/mall/shop_button_kuerbis0000.tga	locale/pl/ui/mall/shop_button_kuerbis0000.tga	1
locale_pl/locale/pl/ui/mall/shop_button_kuerbis0001.tga	locale/pl/ui/mall/shop_button_kuerbis0001.tga	1
locale_pl/locale/pl/ui/mall/shop_button_kuerbis0002.tga	locale/pl/ui/mall/shop_button_kuerbis0002.tga	1
locale_pl/locale/pl/ui/mall/shop_button_kuerbis0003.tga	locale/pl/ui/mall/shop_button_kuerbis0003.tga	1
locale_pl/locale/pl/ui/mall/shop_button_kuerbis0004.tga	locale/pl/ui/mall/shop_button_kuerbis0004.tga	1
locale_pl/locale/pl/ui/mall/shop_button_kuerbis0005.tga	locale/pl/ui/mall/shop_button_kuerbis0005.tga	1
locale_pl/locale/pl/ui/mapname/guild2.tga	locale/pl/ui/mapname/guild2.tga	1
locale_pl/locale/pl/ui/mall/shop_button_kuerbis0006.tga	locale/pl/ui/mall/shop_button_kuerbis0006.tga	1
locale_pl/locale/pl/ui/mall/shop_button_kuerbis0007.tga	locale/pl/ui/mall/shop_button_kuerbis0007.tga	1
locale_pl/locale/pl/ui/mall/shop_button_kuerbis0008.tga	locale/pl/ui/mall/shop_button_kuerbis0008.tga	1
locale_pl/locale/pl/ui/mall/shop_button_kuerbis0009.tga	locale/pl/ui/mall/shop_button_kuerbis0009.tga	1
locale_pl/locale/pl/ui/windows/label_ext.sub	locale/pl/ui/windows/label_ext.sub	1
locale_pl/locale/pl/ui/mall/shop_button_kuerbis0010.tga	locale/pl/ui/mall/shop_button_kuerbis0010.tga	1
locale_pl/locale/pl/ui/mall/shop_button_kuerbis0011.tga	locale/pl/ui/mall/shop_button_kuerbis0011.tga	1
locale_pl/locale/pl/ui/mall/shop_button_kuerbis0012.tga	locale/pl/ui/mall/shop_button_kuerbis0012.tga	1
locale_pl/locale/pl/ui/mall/shop_button_kuerbis0013.tga	locale/pl/ui/mall/shop_button_kuerbis0013.tga	1
locale_pl/locale/pl/ui/mall/shop_button_kuerbis0014.tga	locale/pl/ui/mall/shop_button_kuerbis0014.tga	1
locale_pl/locale/pl/ui/mall/shop_button_kuerbis0015.tga	locale/pl/ui/mall/shop_button_kuerbis0015.tga	1
locale_pl/locale/pl/ui/mapname/0a2.tga	locale/pl/ui/mapname/0a2.tga	1
locale_pl/locale/pl/ui/mapname/a1.tga	locale/pl/ui/mapname/a1.tga	1
locale_pl/locale/pl/ui/mapname/a2.tga	locale/pl/ui/mapname/a2.tga	1
locale_pl/locale/pl/ui/mapname/a3.tga	locale/pl/ui/mapname/a3.tga	1
locale_pl/locale/pl/ui/mapname/a4.tga	locale/pl/ui/mapname/a4.tga	1
locale_pl/locale/pl/ui/mapname/b1.tga	locale/pl/ui/mapname/b1.tga	1
locale_pl/locale/pl/ui/mapname/b2.tga	locale/pl/ui/mapname/b2.tga	1
locale_pl/locale/pl/ui/mapname/b4.tga	locale/pl/ui/mapname/b4.tga	1
locale_pl/locale/pl/ui/mapname/c1.tga	locale/pl/ui/mapname/c1.tga	1
locale_pl/locale/pl/ui/mapname/c2.tga	locale/pl/ui/mapname/c2.tga	1
locale_pl/locale/pl/ui/mapname/c3.tga	locale/pl/ui/mapname/c3.tga	1
locale_pl/locale/pl/ui/mapname/c4.tga	locale/pl/ui/mapname/c4.tga	1
locale_pl/locale/pl/ui/mapname/cape.tga	locale/pl/ui/mapname/cape.tga	1
locale_pl/locale/pl/ui/mapname/desert1.tga	locale/pl/ui/mapname/desert1.tga	1
locale_pl/locale/pl/ui/mapname/devil1_2f.tga	locale/pl/ui/mapname/devil1_2f.tga	1
locale_pl/locale/pl/ui/mapname/devil1_4f.tga	locale/pl/ui/mapname/devil1_4f.tga	1
locale_pl/locale/pl/ui/mapname/devil1_5f.tga	locale/pl/ui/mapname/devil1_5f.tga	1
locale_pl/locale/pl/ui/mapname/devil1_6f.tga	locale/pl/ui/mapname/devil1_6f.tga	1
locale_pl/locale/pl/ui/mapname/devil1_7f.tga	locale/pl/ui/mapname/devil1_7f.tga	1
locale_pl/locale/pl/ui/mapname/devil1_8f.tga	locale/pl/ui/mapname/devil1_8f.tga	1
locale_pl/locale/pl/ui/mapname/devil1_9f.tga	locale/pl/ui/mapname/devil1_9f.tga	1
locale_pl/locale/pl/ui/mapname/devil1_title.tga	locale/pl/ui/mapname/devil1_title.tga	1
locale_pl/locale/pl/ui/windows/label_skill_active.sub	locale/pl/ui/windows/label_skill_active.sub	1
locale_pl/locale/pl/ui/mapname/devil_basement.tga	locale/pl/ui/mapname/devil_basement.tga	1
locale_pl/locale/pl/ui/mapname/frame1.tga	locale/pl/ui/mapname/frame1.tga	1
locale_pl/locale/pl/ui/mapname/guild1.tga	locale/pl/ui/mapname/guild1.tga	1
locale_pl/locale/pl/ui/mapname/guild3.tga	locale/pl/ui/mapname/guild3.tga	1
locale_pl/locale/pl/ui/mapname/milgyo.tga	locale/pl/ui/mapname/milgyo.tga	1
locale_pl/locale/pl/ui/mapname/monkey1.tga	locale/pl/ui/mapname/monkey1.tga	1
locale_pl/locale/pl/ui/mapname/monkey2.tga	locale/pl/ui/mapname/monkey2.tga	1
locale_pl/locale/pl/ui/mapname/monkey3.tga	locale/pl/ui/mapname/monkey3.tga	1
locale_pl/locale/pl/ui/mapname/snow1.tga	locale/pl/ui/mapname/snow1.tga	1
locale_pl/locale/pl/ui/mapname/spider1.tga	locale/pl/ui/mapname/spider1.tga	1
locale_pl/locale/pl/ui/windows/label_last_exp.sub	locale/pl/ui/windows/label_last_exp.sub	1
locale_pl/locale/pl/ui/mapname/thunder.tga	locale/pl/ui/mapname/thunder.tga	1
locale_pl/locale/pl/ui/mapname/trent.tga	locale/pl/ui/mapname/trent.tga	1
locale_pl/locale/pl/ui/mapname/trent02.tga	locale/pl/ui/mapname/trent02.tga	1
locale_pl/locale/pl/ui/select/name_assassin.sub	locale/pl/ui/select/name_assassin.sub	1
locale_pl/locale/pl/ui/select/name_shaman.sub	locale/pl/ui/select/name_shaman.sub	1
locale_pl/locale/pl/ui/vkey/key_enter_dn.tga	locale/pl/ui/vkey/key_enter_dn.tga	1
locale_pl/locale/pl/ui/select/name_warrior.sub	locale/pl/ui/select/name_warrior.sub	1
locale_pl/locale/pl/ui/select/select.dds	locale/pl/ui/select/select.dds	1
locale_pl/locale/pl/ui/vkey/key_at.tga	locale/pl/ui/vkey/key_at.tga	1
locale_pl/locale/pl/ui/vkey/key_at_dn.tga	locale/pl/ui/vkey/key_at_dn.tga	1
locale_pl/locale/pl/ui/vkey/key_at_over.tga	locale/pl/ui/vkey/key_at_over.tga	1
locale_pl/locale/pl/ui/vkey/key_backspace_dn.tga	locale/pl/ui/vkey/key_backspace_dn.tga	1
locale_pl/locale/pl/ui/vkey/key_backspace_over.tga	locale/pl/ui/vkey/key_backspace_over.tga	1
locale_pl/locale/pl/ui/vkey/key_enter.tga	locale/pl/ui/vkey/key_enter.tga	1
locale_pl/locale/pl/ui/vkey/key_enter_over.tga	locale/pl/ui/vkey/key_enter_over.tga	1
locale_pl/locale/pl/ui/vkey/key_normal_over.tga	locale/pl/ui/vkey/key_normal_over.tga	1
locale_pl/locale/pl/ui/vkey/key_shift.tga	locale/pl/ui/vkey/key_shift.tga	1
locale_pl/locale/pl/ui/vkey/key_shift_dn.tga	locale/pl/ui/vkey/key_shift_dn.tga	1
locale_pl/locale/pl/ui/vkey/key_shift_over.tga	locale/pl/ui/vkey/key_shift_over.tga	1
locale_pl/locale/pl/ui/vkey/key_space.tga	locale/pl/ui/vkey/key_space.tga	1
locale_pl/locale/pl/ui/vkey/key_space_dn.tga	locale/pl/ui/vkey/key_space_dn.tga	1
locale_pl/locale/pl/ui/windows/tab_2.sub	locale/pl/ui/windows/tab_2.sub	1
locale_pl/locale/pl/ui/windows/label_cur_exp.sub	locale/pl/ui/windows/label_cur_exp.sub	1
locale_pl/locale/pl/ui/windows/label_ext_item1.sub	locale/pl/ui/windows/label_ext_item1.sub	1
locale_pl/locale/pl/ui/windows/label_ext_item2.sub	locale/pl/ui/windows/label_ext_item2.sub	1
locale_pl/locale/pl/ui/windows/label_level.sub	locale/pl/ui/windows/label_level.sub	1
locale_pl/locale/pl/ui/windows/label_skill_high.sub	locale/pl/ui/windows/label_skill_high.sub	1
locale_pl/locale/pl/ui/windows/label_skill_low.sub	locale/pl/ui/windows/label_skill_low.sub	1
locale_pl/locale/pl/ui/windows/label_skill_middle.sub	locale/pl/ui/windows/label_skill_middle.sub	1
locale_pl/locale/pl/ui/windows/label_skill_passive.sub	locale/pl/ui/windows/label_skill_passive.sub	1
locale_pl/locale/pl/ui/windows/label_skill_support.sub	locale/pl/ui/windows/label_skill_support.sub	1
locale_pl/locale/pl/ui/windows/label_skill_weapon.sub	locale/pl/ui/windows/label_skill_weapon.sub	1
locale_pl/locale/pl/ui/windows/label_std_item1.sub	locale/pl/ui/windows/label_std_item1.sub	1
locale_pl/locale/pl/ui/windows/label_uppt.sub	locale/pl/ui/windows/label_uppt.sub	1
locale_pl/locale/pl/ui/windows/tab_3.sub	locale/pl/ui/windows/tab_3.sub	1
locale_pl/locale/pl/ui/windows/tab_4.sub	locale/pl/ui/windows/tab_4.sub	1
locale_pl/locale/pl/ui/windows/title_status.sub	locale/pl/ui/windows/title_status.sub	1
