metin2_patch_flame/textureset/metin2_n_flame_01.txt	textureset/metin2_n_flame_01.txt	0
metin2_patch_flame/ymir work/terrainmaps/n/flame area/valcano_04.dds	d:/ymir work/terrainmaps/n/flame area/valcano_04.dds	0
metin2_patch_flame/metin2_map_n_flame_01/000000/areaproperty.txt	metin2_map_n_flame_01/000000/areaproperty.txt	0
metin2_patch_flame/metin2_map_n_flame_01/005000/shadowmap.dds	metin2_map_n_flame_01/005000/shadowmap.dds	0
metin2_patch_flame/ymir work/environment/map_n_flame_01.msenv	d:/ymir work/environment/map_n_flame_01.msenv	0
metin2_patch_flame/metin2_map_n_flame_01/004004/height.raw	metin2_map_n_flame_01/004004/height.raw	0
metin2_patch_flame/metin2_map_n_flame_01/004002/areadata.txt	metin2_map_n_flame_01/004002/areadata.txt	0
metin2_patch_flame/metin2_map_n_flame_01/000000/minimap.dds	metin2_map_n_flame_01/000000/minimap.dds	0
metin2_patch_flame/ymir work/terrainmaps/n/flame area/magma_01.dds	d:/ymir work/terrainmaps/n/flame area/magma_01.dds	0
metin2_patch_flame/metin2_map_n_flame_01/002002/attr.atr	metin2_map_n_flame_01/002002/attr.atr	0
metin2_patch_flame/ymir work/terrainmaps/n/flame area/tile01.dds	d:/ymir work/terrainmaps/n/flame area/tile01.dds	0
metin2_patch_flame/metin2_map_n_flame_01/002002/tile.raw	metin2_map_n_flame_01/002002/tile.raw	0
metin2_patch_flame/metin2_map_n_flame_01/000000/tile.raw	metin2_map_n_flame_01/000000/tile.raw	0
metin2_patch_flame/ymir work/terrainmaps/n/flame area/valcano_01.dds	d:/ymir work/terrainmaps/n/flame area/valcano_01.dds	0
metin2_patch_flame/metin2_map_n_flame_01/005003/height.raw	metin2_map_n_flame_01/005003/height.raw	0
metin2_patch_flame/metin2_map_n_flame_01/000002/shadowmap.raw	metin2_map_n_flame_01/000002/shadowmap.raw	0
metin2_patch_flame/ymir work/terrainmaps/n/flame area/valcano_03.dds	d:/ymir work/terrainmaps/n/flame area/valcano_03.dds	0
metin2_patch_flame/metin2_map_n_flame_01/000002/areaambiencedata.txt	metin2_map_n_flame_01/000002/areaambiencedata.txt	0
metin2_patch_flame/metin2_map_n_flame_01/004003/water.wtr	metin2_map_n_flame_01/004003/water.wtr	0
metin2_patch_flame/ymir work/terrainmaps/n/flame area/valcano_02.dds	d:/ymir work/terrainmaps/n/flame area/valcano_02.dds	0
metin2_patch_flame/metin2_map_n_flame_01/000004/shadowmap.dds	metin2_map_n_flame_01/000004/shadowmap.dds	0
metin2_patch_flame/metin2_map_n_flame_01/004005/height.raw	metin2_map_n_flame_01/004005/height.raw	0
metin2_patch_flame/ymir work/terrainmaps/n/flame area/valcano_05.dds	d:/ymir work/terrainmaps/n/flame area/valcano_05.dds	0
metin2_patch_flame/metin2_map_n_flame_01/001003/minimap.dds	metin2_map_n_flame_01/001003/minimap.dds	0
metin2_patch_flame/ymir work/terrainmaps/n/flame area/valcano_magma_01.dds	d:/ymir work/terrainmaps/n/flame area/valcano_magma_01.dds	0
metin2_patch_flame/ymir work/terrainmaps/n/flame area/valcano_magma_02.dds	d:/ymir work/terrainmaps/n/flame area/valcano_magma_02.dds	0
metin2_patch_flame/ymir work/terrainmaps/n/flame area/valcano_magma_03.dds	d:/ymir work/terrainmaps/n/flame area/valcano_magma_03.dds	0
metin2_patch_flame/metin2_map_n_flame_01/000004/areaambiencedata.txt	metin2_map_n_flame_01/000004/areaambiencedata.txt	0
metin2_patch_flame/metin2_map_n_flame_01/005002/minimap.dds	metin2_map_n_flame_01/005002/minimap.dds	0
metin2_patch_flame/ymir work/terrainmaps/n/flame area/valcano_rock.dds	d:/ymir work/terrainmaps/n/flame area/valcano_rock.dds	0
metin2_patch_flame/metin2_map_n_flame_01/000003/areadata.txt	metin2_map_n_flame_01/000003/areadata.txt	0
metin2_patch_flame/metin2_map_n_flame_01/003004/shadowmap.dds	metin2_map_n_flame_01/003004/shadowmap.dds	0
metin2_patch_flame/metin2_map_n_flame_01/000001/tile.raw	metin2_map_n_flame_01/000001/tile.raw	0
metin2_patch_flame/metin2_map_n_flame_01/000003/minimap.dds	metin2_map_n_flame_01/000003/minimap.dds	0
metin2_patch_flame/metin2_map_n_flame_01/mapproperty.txt	metin2_map_n_flame_01/mapproperty.txt	0
metin2_patch_flame/metin2_map_n_flame_01/000001/areaproperty.txt	metin2_map_n_flame_01/000001/areaproperty.txt	0
metin2_patch_flame/metin2_map_n_flame_01/monsterarrange.txt	metin2_map_n_flame_01/monsterarrange.txt	0
metin2_patch_flame/metin2_map_n_flame_01/000002/water.wtr	metin2_map_n_flame_01/000002/water.wtr	0
metin2_patch_flame/metin2_map_n_flame_01/regen.txt	metin2_map_n_flame_01/regen.txt	0
metin2_patch_flame/metin2_map_n_flame_01/setting.txt	metin2_map_n_flame_01/setting.txt	0
metin2_patch_flame/metin2_map_n_flame_01/000000/areaambiencedata.txt	metin2_map_n_flame_01/000000/areaambiencedata.txt	0
metin2_patch_flame/metin2_map_n_flame_01/000000/areadata.txt	metin2_map_n_flame_01/000000/areadata.txt	0
metin2_patch_flame/metin2_map_n_flame_01/000000/attr.atr	metin2_map_n_flame_01/000000/attr.atr	0
metin2_patch_flame/metin2_map_n_flame_01/000001/minimap.dds	metin2_map_n_flame_01/000001/minimap.dds	0
metin2_patch_flame/metin2_map_n_flame_01/000000/height.raw	metin2_map_n_flame_01/000000/height.raw	0
metin2_patch_flame/metin2_map_n_flame_01/003005/water.wtr	metin2_map_n_flame_01/003005/water.wtr	0
metin2_patch_flame/metin2_map_n_flame_01/000000/shadowmap.dds	metin2_map_n_flame_01/000000/shadowmap.dds	0
metin2_patch_flame/metin2_map_n_flame_01/000003/attr.atr	metin2_map_n_flame_01/000003/attr.atr	0
metin2_patch_flame/metin2_map_n_flame_01/000001/areaambiencedata.txt	metin2_map_n_flame_01/000001/areaambiencedata.txt	0
metin2_patch_flame/metin2_map_n_flame_01/000000/shadowmap.raw	metin2_map_n_flame_01/000000/shadowmap.raw	0
metin2_patch_flame/metin2_map_n_flame_01/000003/height.raw	metin2_map_n_flame_01/000003/height.raw	0
metin2_patch_flame/metin2_map_n_flame_01/000000/water.wtr	metin2_map_n_flame_01/000000/water.wtr	0
metin2_patch_flame/metin2_map_n_flame_01/000001/areadata.txt	metin2_map_n_flame_01/000001/areadata.txt	0
metin2_patch_flame/metin2_map_n_flame_01/003003/shadowmap.raw	metin2_map_n_flame_01/003003/shadowmap.raw	0
metin2_patch_flame/metin2_map_n_flame_01/000001/attr.atr	metin2_map_n_flame_01/000001/attr.atr	0
metin2_patch_flame/metin2_map_n_flame_01/000001/height.raw	metin2_map_n_flame_01/000001/height.raw	0
metin2_patch_flame/metin2_map_n_flame_01/002004/tile.raw	metin2_map_n_flame_01/002004/tile.raw	0
metin2_patch_flame/metin2_map_n_flame_01/000001/shadowmap.dds	metin2_map_n_flame_01/000001/shadowmap.dds	0
metin2_patch_flame/metin2_map_n_flame_01/000002/minimap.dds	metin2_map_n_flame_01/000002/minimap.dds	0
metin2_patch_flame/metin2_map_n_flame_01/003004/attr.atr	metin2_map_n_flame_01/003004/attr.atr	0
metin2_patch_flame/metin2_map_n_flame_01/002002/water.wtr	metin2_map_n_flame_01/002002/water.wtr	0
metin2_patch_flame/metin2_map_n_flame_01/000001/shadowmap.raw	metin2_map_n_flame_01/000001/shadowmap.raw	0
metin2_patch_flame/metin2_map_n_flame_01/002004/height.raw	metin2_map_n_flame_01/002004/height.raw	0
metin2_patch_flame/metin2_map_n_flame_01/000002/areaproperty.txt	metin2_map_n_flame_01/000002/areaproperty.txt	0
metin2_patch_flame/metin2_map_n_flame_01/000001/water.wtr	metin2_map_n_flame_01/000001/water.wtr	0
metin2_patch_flame/metin2_map_n_flame_01/000002/areadata.txt	metin2_map_n_flame_01/000002/areadata.txt	0
metin2_patch_flame/metin2_map_n_flame_01/002001/areadata.txt	metin2_map_n_flame_01/002001/areadata.txt	0
metin2_patch_flame/metin2_map_n_flame_01/000002/attr.atr	metin2_map_n_flame_01/000002/attr.atr	0
metin2_patch_flame/metin2_map_n_flame_01/000002/height.raw	metin2_map_n_flame_01/000002/height.raw	0
metin2_patch_flame/metin2_map_n_flame_01/000002/shadowmap.dds	metin2_map_n_flame_01/000002/shadowmap.dds	0
metin2_patch_flame/metin2_map_n_flame_01/004001/height.raw	metin2_map_n_flame_01/004001/height.raw	0
metin2_patch_flame/metin2_map_n_flame_01/000003/areaproperty.txt	metin2_map_n_flame_01/000003/areaproperty.txt	0
metin2_patch_flame/metin2_map_n_flame_01/000002/tile.raw	metin2_map_n_flame_01/000002/tile.raw	0
metin2_patch_flame/metin2_map_n_flame_01/002003/areaproperty.txt	metin2_map_n_flame_01/002003/areaproperty.txt	0
metin2_patch_flame/metin2_map_n_flame_01/002002/shadowmap.raw	metin2_map_n_flame_01/002002/shadowmap.raw	0
metin2_patch_flame/metin2_map_n_flame_01/000003/areaambiencedata.txt	metin2_map_n_flame_01/000003/areaambiencedata.txt	0
metin2_patch_flame/metin2_map_n_flame_01/005005/water.wtr	metin2_map_n_flame_01/005005/water.wtr	0
metin2_patch_flame/metin2_map_n_flame_01/000003/shadowmap.dds	metin2_map_n_flame_01/000003/shadowmap.dds	0
metin2_patch_flame/metin2_map_n_flame_01/000003/shadowmap.raw	metin2_map_n_flame_01/000003/shadowmap.raw	0
metin2_patch_flame/metin2_map_n_flame_01/000003/tile.raw	metin2_map_n_flame_01/000003/tile.raw	0
metin2_patch_flame/metin2_map_n_flame_01/000003/water.wtr	metin2_map_n_flame_01/000003/water.wtr	0
metin2_patch_flame/metin2_map_n_flame_01/004002/areaproperty.txt	metin2_map_n_flame_01/004002/areaproperty.txt	0
metin2_patch_flame/metin2_map_n_flame_01/000004/areadata.txt	metin2_map_n_flame_01/000004/areadata.txt	0
metin2_patch_flame/metin2_map_n_flame_01/000004/minimap.dds	metin2_map_n_flame_01/000004/minimap.dds	0
metin2_patch_flame/metin2_map_n_flame_01/000004/areaproperty.txt	metin2_map_n_flame_01/000004/areaproperty.txt	0
metin2_patch_flame/metin2_map_n_flame_01/000004/attr.atr	metin2_map_n_flame_01/000004/attr.atr	0
metin2_patch_flame/metin2_map_n_flame_01/001000/areadata.txt	metin2_map_n_flame_01/001000/areadata.txt	0
metin2_patch_flame/metin2_map_n_flame_01/000004/height.raw	metin2_map_n_flame_01/000004/height.raw	0
metin2_patch_flame/metin2_map_n_flame_01/000004/shadowmap.raw	metin2_map_n_flame_01/000004/shadowmap.raw	0
metin2_patch_flame/metin2_map_n_flame_01/000004/tile.raw	metin2_map_n_flame_01/000004/tile.raw	0
metin2_patch_flame/metin2_map_n_flame_01/001003/shadowmap.raw	metin2_map_n_flame_01/001003/shadowmap.raw	0
metin2_patch_flame/metin2_map_n_flame_01/000004/water.wtr	metin2_map_n_flame_01/000004/water.wtr	0
metin2_patch_flame/metin2_map_n_flame_01/000005/areaambiencedata.txt	metin2_map_n_flame_01/000005/areaambiencedata.txt	0
metin2_patch_flame/metin2_map_n_flame_01/001005/tile.raw	metin2_map_n_flame_01/001005/tile.raw	0
metin2_patch_flame/metin2_map_n_flame_01/000005/areadata.txt	metin2_map_n_flame_01/000005/areadata.txt	0
metin2_patch_flame/metin2_map_n_flame_01/004001/areadata.txt	metin2_map_n_flame_01/004001/areadata.txt	0
metin2_patch_flame/metin2_map_n_flame_01/000005/areaproperty.txt	metin2_map_n_flame_01/000005/areaproperty.txt	0
metin2_patch_flame/metin2_map_n_flame_01/002005/shadowmap.dds	metin2_map_n_flame_01/002005/shadowmap.dds	0
metin2_patch_flame/metin2_map_n_flame_01/001005/areaambiencedata.txt	metin2_map_n_flame_01/001005/areaambiencedata.txt	0
metin2_patch_flame/metin2_map_n_flame_01/000005/attr.atr	metin2_map_n_flame_01/000005/attr.atr	0
metin2_patch_flame/metin2_map_n_flame_01/002001/shadowmap.raw	metin2_map_n_flame_01/002001/shadowmap.raw	0
metin2_patch_flame/metin2_map_n_flame_01/001002/water.wtr	metin2_map_n_flame_01/001002/water.wtr	0
metin2_patch_flame/metin2_map_n_flame_01/000005/height.raw	metin2_map_n_flame_01/000005/height.raw	0
metin2_patch_flame/metin2_map_n_flame_01/000005/minimap.dds	metin2_map_n_flame_01/000005/minimap.dds	0
metin2_patch_flame/metin2_map_n_flame_01/000005/shadowmap.dds	metin2_map_n_flame_01/000005/shadowmap.dds	0
metin2_patch_flame/metin2_map_n_flame_01/002004/shadowmap.dds	metin2_map_n_flame_01/002004/shadowmap.dds	0
metin2_patch_flame/metin2_map_n_flame_01/000005/shadowmap.raw	metin2_map_n_flame_01/000005/shadowmap.raw	0
metin2_patch_flame/metin2_map_n_flame_01/004003/attr.atr	metin2_map_n_flame_01/004003/attr.atr	0
metin2_patch_flame/metin2_map_n_flame_01/000005/tile.raw	metin2_map_n_flame_01/000005/tile.raw	0
metin2_patch_flame/metin2_map_n_flame_01/000005/water.wtr	metin2_map_n_flame_01/000005/water.wtr	0
metin2_patch_flame/metin2_map_n_flame_01/001000/areaambiencedata.txt	metin2_map_n_flame_01/001000/areaambiencedata.txt	0
metin2_patch_flame/metin2_map_n_flame_01/005004/areaambiencedata.txt	metin2_map_n_flame_01/005004/areaambiencedata.txt	0
metin2_patch_flame/metin2_map_n_flame_01/005000/areaproperty.txt	metin2_map_n_flame_01/005000/areaproperty.txt	0
metin2_patch_flame/metin2_map_n_flame_01/001000/areaproperty.txt	metin2_map_n_flame_01/001000/areaproperty.txt	0
metin2_patch_flame/metin2_map_n_flame_01/001000/attr.atr	metin2_map_n_flame_01/001000/attr.atr	0
metin2_patch_flame/metin2_map_n_flame_01/001000/height.raw	metin2_map_n_flame_01/001000/height.raw	0
metin2_patch_flame/metin2_map_n_flame_01/001000/minimap.dds	metin2_map_n_flame_01/001000/minimap.dds	0
metin2_patch_flame/metin2_map_n_flame_01/005002/areadata.txt	metin2_map_n_flame_01/005002/areadata.txt	0
metin2_patch_flame/metin2_map_n_flame_01/001003/water.wtr	metin2_map_n_flame_01/001003/water.wtr	0
metin2_patch_flame/metin2_map_n_flame_01/001000/shadowmap.dds	metin2_map_n_flame_01/001000/shadowmap.dds	0
metin2_patch_flame/metin2_map_n_flame_01/003001/tile.raw	metin2_map_n_flame_01/003001/tile.raw	0
metin2_patch_flame/metin2_map_n_flame_01/002000/minimap.dds	metin2_map_n_flame_01/002000/minimap.dds	0
metin2_patch_flame/metin2_map_n_flame_01/001000/shadowmap.raw	metin2_map_n_flame_01/001000/shadowmap.raw	0
metin2_patch_flame/metin2_map_n_flame_01/005004/areaproperty.txt	metin2_map_n_flame_01/005004/areaproperty.txt	0
metin2_patch_flame/metin2_map_n_flame_01/001000/tile.raw	metin2_map_n_flame_01/001000/tile.raw	0
metin2_patch_flame/metin2_map_n_flame_01/003004/areaproperty.txt	metin2_map_n_flame_01/003004/areaproperty.txt	0
metin2_patch_flame/metin2_map_n_flame_01/001000/water.wtr	metin2_map_n_flame_01/001000/water.wtr	0
metin2_patch_flame/metin2_map_n_flame_01/001001/areaambiencedata.txt	metin2_map_n_flame_01/001001/areaambiencedata.txt	0
metin2_patch_flame/metin2_map_n_flame_01/001001/areadata.txt	metin2_map_n_flame_01/001001/areadata.txt	0
metin2_patch_flame/metin2_map_n_flame_01/003000/areaambiencedata.txt	metin2_map_n_flame_01/003000/areaambiencedata.txt	0
metin2_patch_flame/metin2_map_n_flame_01/001004/shadowmap.dds	metin2_map_n_flame_01/001004/shadowmap.dds	0
metin2_patch_flame/metin2_map_n_flame_01/001001/areaproperty.txt	metin2_map_n_flame_01/001001/areaproperty.txt	0
metin2_patch_flame/metin2_map_n_flame_01/001001/attr.atr	metin2_map_n_flame_01/001001/attr.atr	0
metin2_patch_flame/metin2_map_n_flame_01/001001/height.raw	metin2_map_n_flame_01/001001/height.raw	0
metin2_patch_flame/metin2_map_n_flame_01/001001/minimap.dds	metin2_map_n_flame_01/001001/minimap.dds	0
metin2_patch_flame/metin2_map_n_flame_01/001001/shadowmap.dds	metin2_map_n_flame_01/001001/shadowmap.dds	0
metin2_patch_flame/metin2_map_n_flame_01/001001/shadowmap.raw	metin2_map_n_flame_01/001001/shadowmap.raw	0
metin2_patch_flame/metin2_map_n_flame_01/001001/tile.raw	metin2_map_n_flame_01/001001/tile.raw	0
metin2_patch_flame/metin2_map_n_flame_01/001001/water.wtr	metin2_map_n_flame_01/001001/water.wtr	0
metin2_patch_flame/metin2_map_n_flame_01/004000/tile.raw	metin2_map_n_flame_01/004000/tile.raw	0
metin2_patch_flame/metin2_map_n_flame_01/001002/areaambiencedata.txt	metin2_map_n_flame_01/001002/areaambiencedata.txt	0
metin2_patch_flame/metin2_map_n_flame_01/001002/areadata.txt	metin2_map_n_flame_01/001002/areadata.txt	0
metin2_patch_flame/metin2_map_n_flame_01/001002/areaproperty.txt	metin2_map_n_flame_01/001002/areaproperty.txt	0
metin2_patch_flame/metin2_map_n_flame_01/002001/minimap.dds	metin2_map_n_flame_01/002001/minimap.dds	0
metin2_patch_flame/metin2_map_n_flame_01/001002/attr.atr	metin2_map_n_flame_01/001002/attr.atr	0
metin2_patch_flame/metin2_map_n_flame_01/003001/areadata.txt	metin2_map_n_flame_01/003001/areadata.txt	0
metin2_patch_flame/metin2_map_n_flame_01/002005/areadata.txt	metin2_map_n_flame_01/002005/areadata.txt	0
metin2_patch_flame/metin2_map_n_flame_01/001002/height.raw	metin2_map_n_flame_01/001002/height.raw	0
metin2_patch_flame/metin2_map_n_flame_01/001002/minimap.dds	metin2_map_n_flame_01/001002/minimap.dds	0
metin2_patch_flame/metin2_map_n_flame_01/001002/shadowmap.dds	metin2_map_n_flame_01/001002/shadowmap.dds	0
metin2_patch_flame/metin2_map_n_flame_01/001002/shadowmap.raw	metin2_map_n_flame_01/001002/shadowmap.raw	0
metin2_patch_flame/metin2_map_n_flame_01/001002/tile.raw	metin2_map_n_flame_01/001002/tile.raw	0
metin2_patch_flame/metin2_map_n_flame_01/001003/areaambiencedata.txt	metin2_map_n_flame_01/001003/areaambiencedata.txt	0
metin2_patch_flame/metin2_map_n_flame_01/004001/areaproperty.txt	metin2_map_n_flame_01/004001/areaproperty.txt	0
metin2_patch_flame/metin2_map_n_flame_01/003004/height.raw	metin2_map_n_flame_01/003004/height.raw	0
metin2_patch_flame/metin2_map_n_flame_01/001003/areadata.txt	metin2_map_n_flame_01/001003/areadata.txt	0
metin2_patch_flame/metin2_map_n_flame_01/001003/areaproperty.txt	metin2_map_n_flame_01/001003/areaproperty.txt	0
metin2_patch_flame/metin2_map_n_flame_01/001003/attr.atr	metin2_map_n_flame_01/001003/attr.atr	0
metin2_patch_flame/metin2_map_n_flame_01/001003/height.raw	metin2_map_n_flame_01/001003/height.raw	0
metin2_patch_flame/metin2_map_n_flame_01/002000/shadowmap.dds	metin2_map_n_flame_01/002000/shadowmap.dds	0
metin2_patch_flame/metin2_map_n_flame_01/001003/shadowmap.dds	metin2_map_n_flame_01/001003/shadowmap.dds	0
metin2_patch_flame/metin2_map_n_flame_01/004004/shadowmap.dds	metin2_map_n_flame_01/004004/shadowmap.dds	0
metin2_patch_flame/metin2_map_n_flame_01/004004/areaambiencedata.txt	metin2_map_n_flame_01/004004/areaambiencedata.txt	0
metin2_patch_flame/metin2_map_n_flame_01/003000/areaproperty.txt	metin2_map_n_flame_01/003000/areaproperty.txt	0
metin2_patch_flame/metin2_map_n_flame_01/001003/tile.raw	metin2_map_n_flame_01/001003/tile.raw	0
metin2_patch_flame/metin2_map_n_flame_01/001004/areaambiencedata.txt	metin2_map_n_flame_01/001004/areaambiencedata.txt	0
metin2_patch_flame/metin2_map_n_flame_01/005001/areaproperty.txt	metin2_map_n_flame_01/005001/areaproperty.txt	0
metin2_patch_flame/metin2_map_n_flame_01/001004/areadata.txt	metin2_map_n_flame_01/001004/areadata.txt	0
metin2_patch_flame/metin2_map_n_flame_01/001004/areaproperty.txt	metin2_map_n_flame_01/001004/areaproperty.txt	0
metin2_patch_flame/metin2_map_n_flame_01/005000/tile.raw	metin2_map_n_flame_01/005000/tile.raw	0
metin2_patch_flame/metin2_map_n_flame_01/003000/shadowmap.dds	metin2_map_n_flame_01/003000/shadowmap.dds	0
metin2_patch_flame/metin2_map_n_flame_01/001004/attr.atr	metin2_map_n_flame_01/001004/attr.atr	0
metin2_patch_flame/metin2_map_n_flame_01/004001/tile.raw	metin2_map_n_flame_01/004001/tile.raw	0
metin2_patch_flame/metin2_map_n_flame_01/001004/height.raw	metin2_map_n_flame_01/001004/height.raw	0
metin2_patch_flame/metin2_map_n_flame_01/004005/water.wtr	metin2_map_n_flame_01/004005/water.wtr	0
metin2_patch_flame/metin2_map_n_flame_01/001004/minimap.dds	metin2_map_n_flame_01/001004/minimap.dds	0
metin2_patch_flame/metin2_map_n_flame_01/001004/shadowmap.raw	metin2_map_n_flame_01/001004/shadowmap.raw	0
metin2_patch_flame/metin2_map_n_flame_01/001004/tile.raw	metin2_map_n_flame_01/001004/tile.raw	0
metin2_patch_flame/metin2_map_n_flame_01/005005/areadata.txt	metin2_map_n_flame_01/005005/areadata.txt	0
metin2_patch_flame/metin2_map_n_flame_01/004003/areadata.txt	metin2_map_n_flame_01/004003/areadata.txt	0
metin2_patch_flame/metin2_map_n_flame_01/001004/water.wtr	metin2_map_n_flame_01/001004/water.wtr	0
metin2_patch_flame/metin2_map_n_flame_01/003002/attr.atr	metin2_map_n_flame_01/003002/attr.atr	0
metin2_patch_flame/metin2_map_n_flame_01/001005/areadata.txt	metin2_map_n_flame_01/001005/areadata.txt	0
metin2_patch_flame/metin2_map_n_flame_01/004000/height.raw	metin2_map_n_flame_01/004000/height.raw	0
metin2_patch_flame/metin2_map_n_flame_01/001005/areaproperty.txt	metin2_map_n_flame_01/001005/areaproperty.txt	0
metin2_patch_flame/metin2_map_n_flame_01/005003/water.wtr	metin2_map_n_flame_01/005003/water.wtr	0
metin2_patch_flame/metin2_map_n_flame_01/001005/attr.atr	metin2_map_n_flame_01/001005/attr.atr	0
metin2_patch_flame/metin2_map_n_flame_01/001005/height.raw	metin2_map_n_flame_01/001005/height.raw	0
metin2_patch_flame/metin2_map_n_flame_01/001005/minimap.dds	metin2_map_n_flame_01/001005/minimap.dds	0
metin2_patch_flame/metin2_map_n_flame_01/001005/shadowmap.dds	metin2_map_n_flame_01/001005/shadowmap.dds	0
metin2_patch_flame/metin2_map_n_flame_01/005005/height.raw	metin2_map_n_flame_01/005005/height.raw	0
metin2_patch_flame/metin2_map_n_flame_01/003000/height.raw	metin2_map_n_flame_01/003000/height.raw	0
metin2_patch_flame/metin2_map_n_flame_01/001005/shadowmap.raw	metin2_map_n_flame_01/001005/shadowmap.raw	0
metin2_patch_flame/metin2_map_n_flame_01/004004/water.wtr	metin2_map_n_flame_01/004004/water.wtr	0
metin2_patch_flame/metin2_map_n_flame_01/001005/water.wtr	metin2_map_n_flame_01/001005/water.wtr	0
metin2_patch_flame/metin2_map_n_flame_01/002000/areaambiencedata.txt	metin2_map_n_flame_01/002000/areaambiencedata.txt	0
metin2_patch_flame/metin2_map_n_flame_01/002000/areadata.txt	metin2_map_n_flame_01/002000/areadata.txt	0
metin2_patch_flame/metin2_map_n_flame_01/004005/tile.raw	metin2_map_n_flame_01/004005/tile.raw	0
metin2_patch_flame/metin2_map_n_flame_01/002000/areaproperty.txt	metin2_map_n_flame_01/002000/areaproperty.txt	0
metin2_patch_flame/metin2_map_n_flame_01/002000/attr.atr	metin2_map_n_flame_01/002000/attr.atr	0
metin2_patch_flame/metin2_map_n_flame_01/003005/minimap.dds	metin2_map_n_flame_01/003005/minimap.dds	0
metin2_patch_flame/metin2_map_n_flame_01/002000/height.raw	metin2_map_n_flame_01/002000/height.raw	0
metin2_patch_flame/metin2_map_n_flame_01/004005/minimap.dds	metin2_map_n_flame_01/004005/minimap.dds	0
metin2_patch_flame/metin2_map_n_flame_01/002000/shadowmap.raw	metin2_map_n_flame_01/002000/shadowmap.raw	0
metin2_patch_flame/metin2_map_n_flame_01/002000/tile.raw	metin2_map_n_flame_01/002000/tile.raw	0
metin2_patch_flame/metin2_map_n_flame_01/002000/water.wtr	metin2_map_n_flame_01/002000/water.wtr	0
metin2_patch_flame/metin2_map_n_flame_01/005005/shadowmap.raw	metin2_map_n_flame_01/005005/shadowmap.raw	0
metin2_patch_flame/metin2_map_n_flame_01/002001/areaambiencedata.txt	metin2_map_n_flame_01/002001/areaambiencedata.txt	0
metin2_patch_flame/metin2_map_n_flame_01/002001/areaproperty.txt	metin2_map_n_flame_01/002001/areaproperty.txt	0
metin2_patch_flame/metin2_map_n_flame_01/003003/water.wtr	metin2_map_n_flame_01/003003/water.wtr	0
metin2_patch_flame/metin2_map_n_flame_01/002001/attr.atr	metin2_map_n_flame_01/002001/attr.atr	0
metin2_patch_flame/metin2_map_n_flame_01/005002/tile.raw	metin2_map_n_flame_01/005002/tile.raw	0
metin2_patch_flame/metin2_map_n_flame_01/002001/height.raw	metin2_map_n_flame_01/002001/height.raw	0
metin2_patch_flame/metin2_map_n_flame_01/002001/shadowmap.dds	metin2_map_n_flame_01/002001/shadowmap.dds	0
metin2_patch_flame/metin2_map_n_flame_01/002003/height.raw	metin2_map_n_flame_01/002003/height.raw	0
metin2_patch_flame/metin2_map_n_flame_01/002001/tile.raw	metin2_map_n_flame_01/002001/tile.raw	0
metin2_patch_flame/metin2_map_n_flame_01/002001/water.wtr	metin2_map_n_flame_01/002001/water.wtr	0
metin2_patch_flame/metin2_map_n_flame_01/002002/areaambiencedata.txt	metin2_map_n_flame_01/002002/areaambiencedata.txt	0
metin2_patch_flame/metin2_map_n_flame_01/002002/areadata.txt	metin2_map_n_flame_01/002002/areadata.txt	0
metin2_patch_flame/metin2_map_n_flame_01/002002/areaproperty.txt	metin2_map_n_flame_01/002002/areaproperty.txt	0
metin2_patch_flame/metin2_map_n_flame_01/002002/height.raw	metin2_map_n_flame_01/002002/height.raw	0
metin2_patch_flame/metin2_map_n_flame_01/002004/areaambiencedata.txt	metin2_map_n_flame_01/002004/areaambiencedata.txt	0
metin2_patch_flame/metin2_map_n_flame_01/002002/minimap.dds	metin2_map_n_flame_01/002002/minimap.dds	0
metin2_patch_flame/metin2_map_n_flame_01/002002/shadowmap.dds	metin2_map_n_flame_01/002002/shadowmap.dds	0
metin2_patch_flame/metin2_map_n_flame_01/002003/areaambiencedata.txt	metin2_map_n_flame_01/002003/areaambiencedata.txt	0
metin2_patch_flame/metin2_map_n_flame_01/002003/areadata.txt	metin2_map_n_flame_01/002003/areadata.txt	0
metin2_patch_flame/metin2_map_n_flame_01/002003/attr.atr	metin2_map_n_flame_01/002003/attr.atr	0
metin2_patch_flame/metin2_map_n_flame_01/003003/attr.atr	metin2_map_n_flame_01/003003/attr.atr	0
metin2_patch_flame/metin2_map_n_flame_01/002003/minimap.dds	metin2_map_n_flame_01/002003/minimap.dds	0
metin2_patch_flame/metin2_map_n_flame_01/002003/shadowmap.dds	metin2_map_n_flame_01/002003/shadowmap.dds	0
metin2_patch_flame/metin2_map_n_flame_01/002003/shadowmap.raw	metin2_map_n_flame_01/002003/shadowmap.raw	0
metin2_patch_flame/metin2_map_n_flame_01/003002/areaambiencedata.txt	metin2_map_n_flame_01/003002/areaambiencedata.txt	0
metin2_patch_flame/metin2_map_n_flame_01/002003/tile.raw	metin2_map_n_flame_01/002003/tile.raw	0
metin2_patch_flame/metin2_map_n_flame_01/002003/water.wtr	metin2_map_n_flame_01/002003/water.wtr	0
metin2_patch_flame/metin2_map_n_flame_01/002004/areadata.txt	metin2_map_n_flame_01/002004/areadata.txt	0
metin2_patch_flame/metin2_map_n_flame_01/002004/areaproperty.txt	metin2_map_n_flame_01/002004/areaproperty.txt	0
metin2_patch_flame/metin2_map_n_flame_01/002004/attr.atr	metin2_map_n_flame_01/002004/attr.atr	0
metin2_patch_flame/metin2_map_n_flame_01/002004/minimap.dds	metin2_map_n_flame_01/002004/minimap.dds	0
metin2_patch_flame/metin2_map_n_flame_01/005005/tile.raw	metin2_map_n_flame_01/005005/tile.raw	0
metin2_patch_flame/metin2_map_n_flame_01/005000/water.wtr	metin2_map_n_flame_01/005000/water.wtr	0
metin2_patch_flame/metin2_map_n_flame_01/002004/shadowmap.raw	metin2_map_n_flame_01/002004/shadowmap.raw	0
metin2_patch_flame/metin2_map_n_flame_01/002004/water.wtr	metin2_map_n_flame_01/002004/water.wtr	0
metin2_patch_flame/metin2_map_n_flame_01/002005/areaambiencedata.txt	metin2_map_n_flame_01/002005/areaambiencedata.txt	0
metin2_patch_flame/metin2_map_n_flame_01/004003/tile.raw	metin2_map_n_flame_01/004003/tile.raw	0
metin2_patch_flame/metin2_map_n_flame_01/002005/areaproperty.txt	metin2_map_n_flame_01/002005/areaproperty.txt	0
metin2_patch_flame/metin2_map_n_flame_01/002005/attr.atr	metin2_map_n_flame_01/002005/attr.atr	0
metin2_patch_flame/metin2_map_n_flame_01/005004/shadowmap.dds	metin2_map_n_flame_01/005004/shadowmap.dds	0
metin2_patch_flame/metin2_map_n_flame_01/002005/height.raw	metin2_map_n_flame_01/002005/height.raw	0
metin2_patch_flame/metin2_map_n_flame_01/002005/minimap.dds	metin2_map_n_flame_01/002005/minimap.dds	0
metin2_patch_flame/metin2_map_n_flame_01/003005/shadowmap.dds	metin2_map_n_flame_01/003005/shadowmap.dds	0
metin2_patch_flame/metin2_map_n_flame_01/002005/shadowmap.raw	metin2_map_n_flame_01/002005/shadowmap.raw	0
metin2_patch_flame/metin2_map_n_flame_01/002005/tile.raw	metin2_map_n_flame_01/002005/tile.raw	0
metin2_patch_flame/metin2_map_n_flame_01/002005/water.wtr	metin2_map_n_flame_01/002005/water.wtr	0
metin2_patch_flame/metin2_map_n_flame_01/003000/areadata.txt	metin2_map_n_flame_01/003000/areadata.txt	0
metin2_patch_flame/metin2_map_n_flame_01/003000/attr.atr	metin2_map_n_flame_01/003000/attr.atr	0
metin2_patch_flame/metin2_map_n_flame_01/003000/minimap.dds	metin2_map_n_flame_01/003000/minimap.dds	0
metin2_patch_flame/metin2_map_n_flame_01/003000/shadowmap.raw	metin2_map_n_flame_01/003000/shadowmap.raw	0
metin2_patch_flame/metin2_map_n_flame_01/004004/areadata.txt	metin2_map_n_flame_01/004004/areadata.txt	0
metin2_patch_flame/metin2_map_n_flame_01/003000/tile.raw	metin2_map_n_flame_01/003000/tile.raw	0
metin2_patch_flame/metin2_map_n_flame_01/003000/water.wtr	metin2_map_n_flame_01/003000/water.wtr	0
metin2_patch_flame/metin2_map_n_flame_01/003001/areaambiencedata.txt	metin2_map_n_flame_01/003001/areaambiencedata.txt	0
metin2_patch_flame/metin2_map_n_flame_01/003001/areaproperty.txt	metin2_map_n_flame_01/003001/areaproperty.txt	0
metin2_patch_flame/metin2_map_n_flame_01/003001/attr.atr	metin2_map_n_flame_01/003001/attr.atr	0
metin2_patch_flame/metin2_map_n_flame_01/003001/height.raw	metin2_map_n_flame_01/003001/height.raw	0
metin2_patch_flame/metin2_map_n_flame_01/003001/minimap.dds	metin2_map_n_flame_01/003001/minimap.dds	0
metin2_patch_flame/metin2_map_n_flame_01/003001/shadowmap.dds	metin2_map_n_flame_01/003001/shadowmap.dds	0
metin2_patch_flame/metin2_map_n_flame_01/003001/shadowmap.raw	metin2_map_n_flame_01/003001/shadowmap.raw	0
metin2_patch_flame/metin2_map_n_flame_01/003001/water.wtr	metin2_map_n_flame_01/003001/water.wtr	0
metin2_patch_flame/metin2_map_n_flame_01/003002/areadata.txt	metin2_map_n_flame_01/003002/areadata.txt	0
metin2_patch_flame/metin2_map_n_flame_01/003002/areaproperty.txt	metin2_map_n_flame_01/003002/areaproperty.txt	0
metin2_patch_flame/metin2_map_n_flame_01/003002/shadowmap.dds	metin2_map_n_flame_01/003002/shadowmap.dds	0
metin2_patch_flame/metin2_map_n_flame_01/003002/height.raw	metin2_map_n_flame_01/003002/height.raw	0
metin2_patch_flame/metin2_map_n_flame_01/004005/areaproperty.txt	metin2_map_n_flame_01/004005/areaproperty.txt	0
metin2_patch_flame/metin2_map_n_flame_01/004003/minimap.dds	metin2_map_n_flame_01/004003/minimap.dds	0
metin2_patch_flame/metin2_map_n_flame_01/003002/tile.raw	metin2_map_n_flame_01/003002/tile.raw	0
metin2_patch_flame/metin2_map_n_flame_01/003002/minimap.dds	metin2_map_n_flame_01/003002/minimap.dds	0
metin2_patch_flame/metin2_map_n_flame_01/003002/shadowmap.raw	metin2_map_n_flame_01/003002/shadowmap.raw	0
metin2_patch_flame/metin2_map_n_flame_01/003002/water.wtr	metin2_map_n_flame_01/003002/water.wtr	0
metin2_patch_flame/metin2_map_n_flame_01/003003/areaambiencedata.txt	metin2_map_n_flame_01/003003/areaambiencedata.txt	0
metin2_patch_flame/metin2_map_n_flame_01/003003/areadata.txt	metin2_map_n_flame_01/003003/areadata.txt	0
metin2_patch_flame/metin2_map_n_flame_01/005000/height.raw	metin2_map_n_flame_01/005000/height.raw	0
metin2_patch_flame/metin2_map_n_flame_01/003003/areaproperty.txt	metin2_map_n_flame_01/003003/areaproperty.txt	0
metin2_patch_flame/metin2_map_n_flame_01/003003/height.raw	metin2_map_n_flame_01/003003/height.raw	0
metin2_patch_flame/metin2_map_n_flame_01/003003/minimap.dds	metin2_map_n_flame_01/003003/minimap.dds	0
metin2_patch_flame/metin2_map_n_flame_01/004004/tile.raw	metin2_map_n_flame_01/004004/tile.raw	0
metin2_patch_flame/metin2_map_n_flame_01/003003/shadowmap.dds	metin2_map_n_flame_01/003003/shadowmap.dds	0
metin2_patch_flame/metin2_map_n_flame_01/003003/tile.raw	metin2_map_n_flame_01/003003/tile.raw	0
metin2_patch_flame/metin2_map_n_flame_01/003004/areaambiencedata.txt	metin2_map_n_flame_01/003004/areaambiencedata.txt	0
metin2_patch_flame/metin2_map_n_flame_01/003004/areadata.txt	metin2_map_n_flame_01/003004/areadata.txt	0
metin2_patch_flame/metin2_map_n_flame_01/003004/minimap.dds	metin2_map_n_flame_01/003004/minimap.dds	0
metin2_patch_flame/metin2_map_n_flame_01/005003/shadowmap.dds	metin2_map_n_flame_01/005003/shadowmap.dds	0
metin2_patch_flame/metin2_map_n_flame_01/003004/shadowmap.raw	metin2_map_n_flame_01/003004/shadowmap.raw	0
metin2_patch_flame/metin2_map_n_flame_01/005003/areaambiencedata.txt	metin2_map_n_flame_01/005003/areaambiencedata.txt	0
metin2_patch_flame/metin2_map_n_flame_01/003004/tile.raw	metin2_map_n_flame_01/003004/tile.raw	0
metin2_patch_flame/metin2_map_n_flame_01/003004/water.wtr	metin2_map_n_flame_01/003004/water.wtr	0
metin2_patch_flame/metin2_map_n_flame_01/003005/areaambiencedata.txt	metin2_map_n_flame_01/003005/areaambiencedata.txt	0
metin2_patch_flame/metin2_map_n_flame_01/004000/areaambiencedata.txt	metin2_map_n_flame_01/004000/areaambiencedata.txt	0
metin2_patch_flame/metin2_map_n_flame_01/003005/areadata.txt	metin2_map_n_flame_01/003005/areadata.txt	0
metin2_patch_flame/metin2_map_n_flame_01/003005/areaproperty.txt	metin2_map_n_flame_01/003005/areaproperty.txt	0
metin2_patch_flame/metin2_map_n_flame_01/003005/attr.atr	metin2_map_n_flame_01/003005/attr.atr	0
metin2_patch_flame/metin2_map_n_flame_01/004005/areaambiencedata.txt	metin2_map_n_flame_01/004005/areaambiencedata.txt	0
metin2_patch_flame/metin2_map_n_flame_01/003005/height.raw	metin2_map_n_flame_01/003005/height.raw	0
metin2_patch_flame/metin2_map_n_flame_01/003005/shadowmap.raw	metin2_map_n_flame_01/003005/shadowmap.raw	0
metin2_patch_flame/metin2_map_n_flame_01/003005/tile.raw	metin2_map_n_flame_01/003005/tile.raw	0
metin2_patch_flame/metin2_map_n_flame_01/004000/areadata.txt	metin2_map_n_flame_01/004000/areadata.txt	0
metin2_patch_flame/metin2_map_n_flame_01/004000/areaproperty.txt	metin2_map_n_flame_01/004000/areaproperty.txt	0
metin2_patch_flame/metin2_map_n_flame_01/005002/water.wtr	metin2_map_n_flame_01/005002/water.wtr	0
metin2_patch_flame/metin2_map_n_flame_01/004000/attr.atr	metin2_map_n_flame_01/004000/attr.atr	0
metin2_patch_flame/metin2_map_n_flame_01/005004/tile.raw	metin2_map_n_flame_01/005004/tile.raw	0
metin2_patch_flame/metin2_map_n_flame_01/005003/areaproperty.txt	metin2_map_n_flame_01/005003/areaproperty.txt	0
metin2_patch_flame/metin2_map_n_flame_01/004000/minimap.dds	metin2_map_n_flame_01/004000/minimap.dds	0
metin2_patch_flame/metin2_map_n_flame_01/004000/shadowmap.dds	metin2_map_n_flame_01/004000/shadowmap.dds	0
metin2_patch_flame/metin2_map_n_flame_01/005001/attr.atr	metin2_map_n_flame_01/005001/attr.atr	0
metin2_patch_flame/metin2_map_n_flame_01/004000/water.wtr	metin2_map_n_flame_01/004000/water.wtr	0
metin2_patch_flame/metin2_map_n_flame_01/004000/shadowmap.raw	metin2_map_n_flame_01/004000/shadowmap.raw	0
metin2_patch_flame/metin2_map_n_flame_01/004005/shadowmap.raw	metin2_map_n_flame_01/004005/shadowmap.raw	0
metin2_patch_flame/metin2_map_n_flame_01/004001/areaambiencedata.txt	metin2_map_n_flame_01/004001/areaambiencedata.txt	0
metin2_patch_flame/metin2_map_n_flame_01/005001/areadata.txt	metin2_map_n_flame_01/005001/areadata.txt	0
metin2_patch_flame/metin2_map_n_flame_01/004001/attr.atr	metin2_map_n_flame_01/004001/attr.atr	0
metin2_patch_flame/metin2_map_n_flame_01/004001/minimap.dds	metin2_map_n_flame_01/004001/minimap.dds	0
metin2_patch_flame/metin2_map_n_flame_01/004001/shadowmap.dds	metin2_map_n_flame_01/004001/shadowmap.dds	0
metin2_patch_flame/metin2_map_n_flame_01/004001/shadowmap.raw	metin2_map_n_flame_01/004001/shadowmap.raw	0
metin2_patch_flame/metin2_map_n_flame_01/004001/water.wtr	metin2_map_n_flame_01/004001/water.wtr	0
metin2_patch_flame/metin2_map_n_flame_01/005003/tile.raw	metin2_map_n_flame_01/005003/tile.raw	0
metin2_patch_flame/metin2_map_n_flame_01/004002/areaambiencedata.txt	metin2_map_n_flame_01/004002/areaambiencedata.txt	0
metin2_patch_flame/metin2_map_n_flame_01/005004/areadata.txt	metin2_map_n_flame_01/005004/areadata.txt	0
metin2_patch_flame/metin2_map_n_flame_01/004002/attr.atr	metin2_map_n_flame_01/004002/attr.atr	0
metin2_patch_flame/metin2_map_n_flame_01/004002/height.raw	metin2_map_n_flame_01/004002/height.raw	0
metin2_patch_flame/metin2_map_n_flame_01/004003/shadowmap.raw	metin2_map_n_flame_01/004003/shadowmap.raw	0
metin2_patch_flame/metin2_map_n_flame_01/004002/minimap.dds	metin2_map_n_flame_01/004002/minimap.dds	0
metin2_patch_flame/metin2_map_n_flame_01/004002/shadowmap.dds	metin2_map_n_flame_01/004002/shadowmap.dds	0
metin2_patch_flame/metin2_map_n_flame_01/004002/shadowmap.raw	metin2_map_n_flame_01/004002/shadowmap.raw	0
metin2_patch_flame/metin2_map_n_flame_01/004002/tile.raw	metin2_map_n_flame_01/004002/tile.raw	0
metin2_patch_flame/metin2_map_n_flame_01/005001/minimap.dds	metin2_map_n_flame_01/005001/minimap.dds	0
metin2_patch_flame/metin2_map_n_flame_01/004002/water.wtr	metin2_map_n_flame_01/004002/water.wtr	0
metin2_patch_flame/metin2_map_n_flame_01/004003/areaambiencedata.txt	metin2_map_n_flame_01/004003/areaambiencedata.txt	0
metin2_patch_flame/metin2_map_n_flame_01/004003/areaproperty.txt	metin2_map_n_flame_01/004003/areaproperty.txt	0
metin2_patch_flame/metin2_map_n_flame_01/004003/height.raw	metin2_map_n_flame_01/004003/height.raw	0
metin2_patch_flame/metin2_map_n_flame_01/004003/shadowmap.dds	metin2_map_n_flame_01/004003/shadowmap.dds	0
metin2_patch_flame/metin2_map_n_flame_01/004004/areaproperty.txt	metin2_map_n_flame_01/004004/areaproperty.txt	0
metin2_patch_flame/metin2_map_n_flame_01/005005/areaambiencedata.txt	metin2_map_n_flame_01/005005/areaambiencedata.txt	0
metin2_patch_flame/metin2_map_n_flame_01/004004/attr.atr	metin2_map_n_flame_01/004004/attr.atr	0
metin2_patch_flame/metin2_map_n_flame_01/005000/areaambiencedata.txt	metin2_map_n_flame_01/005000/areaambiencedata.txt	0
metin2_patch_flame/metin2_map_n_flame_01/004004/minimap.dds	metin2_map_n_flame_01/004004/minimap.dds	0
metin2_patch_flame/metin2_map_n_flame_01/004004/shadowmap.raw	metin2_map_n_flame_01/004004/shadowmap.raw	0
metin2_patch_flame/metin2_map_n_flame_01/004005/areadata.txt	metin2_map_n_flame_01/004005/areadata.txt	0
metin2_patch_flame/metin2_map_n_flame_01/004005/attr.atr	metin2_map_n_flame_01/004005/attr.atr	0
metin2_patch_flame/metin2_map_n_flame_01/004005/shadowmap.dds	metin2_map_n_flame_01/004005/shadowmap.dds	0
metin2_patch_flame/metin2_map_n_flame_01/005000/areadata.txt	metin2_map_n_flame_01/005000/areadata.txt	0
metin2_patch_flame/metin2_map_n_flame_01/005000/attr.atr	metin2_map_n_flame_01/005000/attr.atr	0
metin2_patch_flame/metin2_map_n_flame_01/005000/minimap.dds	metin2_map_n_flame_01/005000/minimap.dds	0
metin2_patch_flame/metin2_map_n_flame_01/005000/shadowmap.raw	metin2_map_n_flame_01/005000/shadowmap.raw	0
metin2_patch_flame/metin2_map_n_flame_01/005001/areaambiencedata.txt	metin2_map_n_flame_01/005001/areaambiencedata.txt	0
metin2_patch_flame/metin2_map_n_flame_01/005001/height.raw	metin2_map_n_flame_01/005001/height.raw	0
metin2_patch_flame/metin2_map_n_flame_01/005001/shadowmap.dds	metin2_map_n_flame_01/005001/shadowmap.dds	0
metin2_patch_flame/metin2_map_n_flame_01/005001/shadowmap.raw	metin2_map_n_flame_01/005001/shadowmap.raw	0
metin2_patch_flame/metin2_map_n_flame_01/005001/tile.raw	metin2_map_n_flame_01/005001/tile.raw	0
metin2_patch_flame/metin2_map_n_flame_01/005001/water.wtr	metin2_map_n_flame_01/005001/water.wtr	0
metin2_patch_flame/metin2_map_n_flame_01/005002/areaambiencedata.txt	metin2_map_n_flame_01/005002/areaambiencedata.txt	0
metin2_patch_flame/metin2_map_n_flame_01/005002/areaproperty.txt	metin2_map_n_flame_01/005002/areaproperty.txt	0
metin2_patch_flame/metin2_map_n_flame_01/005002/attr.atr	metin2_map_n_flame_01/005002/attr.atr	0
metin2_patch_flame/metin2_map_n_flame_01/005002/height.raw	metin2_map_n_flame_01/005002/height.raw	0
metin2_patch_flame/metin2_map_n_flame_01/005002/shadowmap.dds	metin2_map_n_flame_01/005002/shadowmap.dds	0
metin2_patch_flame/metin2_map_n_flame_01/005002/shadowmap.raw	metin2_map_n_flame_01/005002/shadowmap.raw	0
metin2_patch_flame/metin2_map_n_flame_01/005003/areadata.txt	metin2_map_n_flame_01/005003/areadata.txt	0
metin2_patch_flame/metin2_map_n_flame_01/005003/attr.atr	metin2_map_n_flame_01/005003/attr.atr	0
metin2_patch_flame/metin2_map_n_flame_01/005003/minimap.dds	metin2_map_n_flame_01/005003/minimap.dds	0
metin2_patch_flame/metin2_map_n_flame_01/005003/shadowmap.raw	metin2_map_n_flame_01/005003/shadowmap.raw	0
metin2_patch_flame/metin2_map_n_flame_01/005004/attr.atr	metin2_map_n_flame_01/005004/attr.atr	0
metin2_patch_flame/metin2_map_n_flame_01/005004/height.raw	metin2_map_n_flame_01/005004/height.raw	0
metin2_patch_flame/metin2_map_n_flame_01/005004/minimap.dds	metin2_map_n_flame_01/005004/minimap.dds	0
metin2_patch_flame/metin2_map_n_flame_01/005004/shadowmap.raw	metin2_map_n_flame_01/005004/shadowmap.raw	0
metin2_patch_flame/metin2_map_n_flame_01/005004/water.wtr	metin2_map_n_flame_01/005004/water.wtr	0
metin2_patch_flame/metin2_map_n_flame_01/005005/areaproperty.txt	metin2_map_n_flame_01/005005/areaproperty.txt	0
metin2_patch_flame/metin2_map_n_flame_01/005005/attr.atr	metin2_map_n_flame_01/005005/attr.atr	0
metin2_patch_flame/metin2_map_n_flame_01/005005/minimap.dds	metin2_map_n_flame_01/005005/minimap.dds	0
metin2_patch_flame/metin2_map_n_flame_01/005005/shadowmap.dds	metin2_map_n_flame_01/005005/shadowmap.dds	0
metin2_patch_flame/ymir work/ui/metin2_map_n_flame_01.dds	d:/ymir work/ui/metin2_map_n_flame_01.dds	0
metin2_patch_flame/ymir work/ui/atlas/metin2_map_n_flame_01/atlas.sub	d:/ymir work/ui/atlas/metin2_map_n_flame_01/atlas.sub	0
metin2_patch_flame/ymir work/ui/metin2_map_n_flame_01_atlas.dds	d:/ymir work/ui/metin2_map_n_flame_01_atlas.dds	0
