NPC/ymir work/npc/arms/motlist.txt	d:/ymir work/npc/arms/motlist.txt	2
NPC/ymir work/npc/goods/goods_02.dds	d:/ymir work/npc/goods/goods_02.dds	1
NPC/ymir work/npc/jinno_patrol_spear/34_1.msa	d:/ymir work/npc/jinno_patrol_spear/34_1.msa	2
NPC/ymir work/npc/plant_researcher/motlist.txt	d:/ymir work/npc/plant_researcher/motlist.txt	2
NPC/ymir work/npc/alchemist/run.msa	d:/ymir work/npc/alchemist/run.msa	2
NPC/ymir work/npc/gangyo_patrol_spear/32.msa	d:/ymir work/npc/gangyo_patrol_spear/32.msa	2
NPC/ymir work/npc/guild_war_flag/flag_blue.msm	d:/ymir work/npc/guild_war_flag/flag_blue.msm	2
NPC/ymir work/npc/gangyo_patrol_bow/33.gr2	d:/ymir work/npc/gangyo_patrol_bow/33.gr2	0
NPC/ymir work/npc/eojiryu/eojiryu.msm	d:/ymir work/npc/eojiryu/eojiryu.msm	2
NPC/ymir work/npc/horse2/horse_master_armor01.dds	d:/ymir work/npc/horse2/horse_master_armor01.dds	1
NPC/ymir work/npc/widow/run.msa	d:/ymir work/npc/widow/run.msa	2
NPC/ymir work/npc/beggar/wait.msa	d:/ymir work/npc/beggar/wait.msa	2
NPC/ymir work/npc/pony/00.gr2	d:/ymir work/npc/pony/00.gr2	0
NPC/ymir work/npc/auntie/walk.msa	d:/ymir work/npc/auntie/walk.msa	2
NPC/ymir work/npc/alchemist/alchemist.dds	d:/ymir work/npc/alchemist/alchemist.dds	1
NPC/ymir work/npc/musician/wait_1.gr2	d:/ymir work/npc/musician/wait_1.gr2	0
NPC/ymir work/npc/jinno_patrol_spear/00_1.gr2	d:/ymir work/npc/jinno_patrol_spear/00_1.gr2	0
NPC/ymir work/npc/jinno_patrol_spear/31.msa	d:/ymir work/npc/jinno_patrol_spear/31.msa	2
NPC/ymir work/npc/sinsu_patrol_spear/32.gr2	d:/ymir work/npc/sinsu_patrol_spear/32.gr2	0
NPC/ymir work/npc/beggar/wait_1.msa	d:/ymir work/npc/beggar/wait_1.msa	2
NPC/ymir work/npc/blacksmith/wait_2.msa	d:/ymir work/npc/blacksmith/wait_2.msa	2
NPC/ymir work/npc/defence/defence.gr2	d:/ymir work/npc/defence/defence.gr2	0
NPC/ymir work/npc/gilaso/motlist.txt	d:/ymir work/npc/gilaso/motlist.txt	2
NPC/ymir work/npc/jinno_patrol_bow/00_1.msa	d:/ymir work/npc/jinno_patrol_bow/00_1.msa	2
NPC/ymir work/npc/peddler/wait_1.gr2	d:/ymir work/npc/peddler/wait_1.gr2	0
NPC/ymir work/npc/bank/wait.gr2	d:/ymir work/npc/bank/wait.gr2	0
NPC/ymir work/npc/yu_hwa_rang/die.gr2	d:/ymir work/npc/yu_hwa_rang/die.gr2	0
NPC/ymir work/npc/alchemist/motlist.txt	d:/ymir work/npc/alchemist/motlist.txt	2
NPC/ymir work/npc/goods/goods.dds	d:/ymir work/npc/goods/goods.dds	1
NPC/ymir work/npc/gangyo_patrol_bow/02.gr2	d:/ymir work/npc/gangyo_patrol_bow/02.gr2	0
NPC/ymir work/npc/alchemist/wait.msa	d:/ymir work/npc/alchemist/wait.msa	2
NPC/ymir work/npc/alchemist/alchemist.gr2	d:/ymir work/npc/alchemist/alchemist.gr2	0
NPC/ymir work/npc/jinno_patrol_bow/34.gr2	d:/ymir work/npc/jinno_patrol_bow/34.gr2	0
NPC/ymir work/npc/pony/30.gr2	d:/ymir work/npc/pony/30.gr2	0
NPC/ymir work/npc/doctor/wait.msa	d:/ymir work/npc/doctor/wait.msa	2
NPC/ymir work/npc/beggar/run.gr2	d:/ymir work/npc/beggar/run.gr2	0
NPC/ymir work/npc/jinno_patrol_spear/34_1.gr2	d:/ymir work/npc/jinno_patrol_spear/34_1.gr2	0
NPC/ymir work/npc/beggar/motlist.txt	d:/ymir work/npc/beggar/motlist.txt	2
NPC/ymir work/npc/yu_hwa_rang/wait.msa	d:/ymir work/npc/yu_hwa_rang/wait.msa	2
NPC/ymir work/npc/alchemist/die.gr2	d:/ymir work/npc/alchemist/die.gr2	0
NPC/ymir work/npc/gangyo_patrol_bow/30_1.gr2	d:/ymir work/npc/gangyo_patrol_bow/30_1.gr2	0
NPC/ymir work/npc/guard_leader/wait_1.msa	d:/ymir work/npc/guard_leader/wait_1.msa	2
NPC/ymir work/npc/hotel_grandfa/motlist.txt	d:/ymir work/npc/hotel_grandfa/motlist.txt	2
NPC/ymir work/npc/alchemist/alchemist.msm	d:/ymir work/npc/alchemist/alchemist.msm	2
NPC/ymir work/npc/bookworm/wait.msa	d:/ymir work/npc/bookworm/wait.msa	2
NPC/ymir work/npc/sinsu_patrol_bow/37.msa	d:/ymir work/npc/sinsu_patrol_bow/37.msa	2
NPC/ymir work/npc/alchemist/die.msa	d:/ymir work/npc/alchemist/die.msa	2
NPC/ymir work/npc/auntie/walk.gr2	d:/ymir work/npc/auntie/walk.gr2	0
NPC/ymir work/npc/mineral/ebony.msm	d:/ymir work/npc/mineral/ebony.msm	2
NPC/ymir work/npc/auntie/die.gr2	d:/ymir work/npc/auntie/die.gr2	0
NPC/ymir work/npc/horse2/horse2_normal.gr2	d:/ymir work/npc/horse2/horse2_normal.gr2	0
NPC/ymir work/npc/musician/die.msa	d:/ymir work/npc/musician/die.msa	2
NPC/ymir work/npc/alchemist/run.gr2	d:/ymir work/npc/alchemist/run.gr2	0
NPC/ymir work/npc/sinsu_patrol_bow/sinsu_patrol_weapon.dds	d:/ymir work/npc/sinsu_patrol_bow/sinsu_patrol_weapon.dds	1
NPC/ymir work/npc/beggar/wait_1.gr2	d:/ymir work/npc/beggar/wait_1.gr2	0
NPC/ymir work/npc/alchemist/wait.gr2	d:/ymir work/npc/alchemist/wait.gr2	0
NPC/ymir work/npc/arms/arms.dds	d:/ymir work/npc/arms/arms.dds	1
NPC/ymir work/npc/alchemist/wait_1.gr2	d:/ymir work/npc/alchemist/wait_1.gr2	0
NPC/ymir work/npc/alchemist/wait_1.msa	d:/ymir work/npc/alchemist/wait_1.msa	2
NPC/ymir work/npc/hotel_grandfa/wait.msa	d:/ymir work/npc/hotel_grandfa/wait.msa	2
NPC/ymir work/npc/jinno_patrol_bow/34_1.msa	d:/ymir work/npc/jinno_patrol_bow/34_1.msa	2
NPC/ymir work/npc/wooden_door/open.gr2	d:/ymir work/npc/wooden_door/open.gr2	0
NPC/ymir work/npc/bank/bank.msm	d:/ymir work/npc/bank/bank.msm	2
NPC/ymir work/npc/santa/damage.gr2	d:/ymir work/npc/santa/damage.gr2	0
NPC/ymir work/npc/old_pirate/walk.msa	d:/ymir work/npc/old_pirate/walk.msa	2
NPC/ymir work/npc/baby_and_mom/wait.msa	d:/ymir work/npc/baby_and_mom/wait.msa	2
NPC/ymir work/npc/jinno_patrol_bow/jinno_patrol_bow.msm	d:/ymir work/npc/jinno_patrol_bow/jinno_patrol_bow.msm	2
NPC/ymir work/npc/sinsu_patrol_bow/30.gr2	d:/ymir work/npc/sinsu_patrol_bow/30.gr2	0
NPC/ymir work/npc/alchemist/walk.gr2	d:/ymir work/npc/alchemist/walk.gr2	0
NPC/ymir work/npc/blacksmith/motlist.txt	d:/ymir work/npc/blacksmith/motlist.txt	2
NPC/ymir work/npc/alchemist/walk.msa	d:/ymir work/npc/alchemist/walk.msa	2
NPC/ymir work/npc/arms/arms.gr2	d:/ymir work/npc/arms/arms.gr2	0
NPC/ymir work/npc/jinno_patrol_spear/34.gr2	d:/ymir work/npc/jinno_patrol_spear/34.gr2	0
NPC/ymir work/npc/horse2/25.gr2	d:/ymir work/npc/horse2/25.gr2	0
NPC/ymir work/npc/arms/arms.msm	d:/ymir work/npc/arms/arms.msm	2
NPC/ymir work/npc/timid_boy/run.msa	d:/ymir work/npc/timid_boy/run.msa	2
NPC/ymir work/npc/jinno_patrol_bow/motlist.txt	d:/ymir work/npc/jinno_patrol_bow/motlist.txt	2
NPC/ymir work/npc/musician/musician.msm	d:/ymir work/npc/musician/musician.msm	2
NPC/ymir work/npc/bank/bank_02.msm	d:/ymir work/npc/bank/bank_02.msm	2
NPC/ymir work/npc/arms/wait.gr2	d:/ymir work/npc/arms/wait.gr2	0
NPC/ymir work/npc/eojiryu/run.msa	d:/ymir work/npc/eojiryu/run.msa	2
NPC/ymir work/npc/arms/wait.msa	d:/ymir work/npc/arms/wait.msa	2
NPC/ymir work/npc/sinsu_patrol_bow/34.gr2	d:/ymir work/npc/sinsu_patrol_bow/34.gr2	0
NPC/ymir work/npc/mineral/pearl.gr2	d:/ymir work/npc/mineral/pearl.gr2	0
NPC/ymir work/npc/auntie/auntie.dds	d:/ymir work/npc/auntie/auntie.dds	1
NPC/ymir work/npc/defence/defence_hair.dds	d:/ymir work/npc/defence/defence_hair.dds	1
NPC/ymir work/npc/auntie/auntie.gr2	d:/ymir work/npc/auntie/auntie.gr2	0
NPC/ymir work/npc/blacksmith/die.gr2	d:/ymir work/npc/blacksmith/die.gr2	0
NPC/ymir work/npc/gm/03.gr2	d:/ymir work/npc/gm/03.gr2	0
NPC/ymir work/npc/santa/motlist.txt	d:/ymir work/npc/santa/motlist.txt	2
NPC/ymir work/npc/bank/motlist.txt	d:/ymir work/npc/bank/motlist.txt	2
NPC/ymir work/npc/goods/goods.msm	d:/ymir work/npc/goods/goods.msm	2
NPC/ymir work/npc/doctor/walk.gr2	d:/ymir work/npc/doctor/walk.gr2	0
NPC/ymir work/npc/baby_and_mom/run.gr2	d:/ymir work/npc/baby_and_mom/run.gr2	0
NPC/ymir work/npc/sinsu_patrol_spear/33.msa	d:/ymir work/npc/sinsu_patrol_spear/33.msa	2
NPC/ymir work/npc/auntie/auntie.msm	d:/ymir work/npc/auntie/auntie.msm	2
NPC/ymir work/npc/hunter/wait_1.msa	d:/ymir work/npc/hunter/wait_1.msa	2
NPC/ymir work/npc/mr_restaurant/mr_restaurant.dds	d:/ymir work/npc/mr_restaurant/mr_restaurant.dds	1
NPC/ymir work/npc/jinno_patrol_bow/00_1.gr2	d:/ymir work/npc/jinno_patrol_bow/00_1.gr2	0
NPC/ymir work/npc/plant_researcher/wait.gr2	d:/ymir work/npc/plant_researcher/wait.gr2	0
NPC/ymir work/npc/auntie/die.msa	d:/ymir work/npc/auntie/die.msa	2
NPC/ymir work/npc/auntie/motlist.txt	d:/ymir work/npc/auntie/motlist.txt	2
NPC/ymir work/npc/auntie/wait.gr2	d:/ymir work/npc/auntie/wait.gr2	0
NPC/ymir work/npc/gilaso/gilaso.dds	d:/ymir work/npc/gilaso/gilaso.dds	1
NPC/ymir work/npc/auntie/run.gr2	d:/ymir work/npc/auntie/run.gr2	0
NPC/ymir work/npc/auntie/run.msa	d:/ymir work/npc/auntie/run.msa	2
NPC/ymir work/npc/timid_boy/wait.gr2	d:/ymir work/npc/timid_boy/wait.gr2	0
NPC/ymir work/npc/beggar/die.msa	d:/ymir work/npc/beggar/die.msa	2
NPC/ymir work/npc/hunter/wait.gr2	d:/ymir work/npc/hunter/wait.gr2	0
NPC/ymir work/npc/mineral/amethyst.gr2	d:/ymir work/npc/mineral/amethyst.gr2	0
NPC/ymir work/npc/horse/horse_master.gr2	d:/ymir work/npc/horse/horse_master.gr2	0
NPC/ymir work/npc/baby_and_mom/baby_and_mom.msm	d:/ymir work/npc/baby_and_mom/baby_and_mom.msm	2
NPC/ymir work/npc/horse2/horse_normal_armor01.dds	d:/ymir work/npc/horse2/horse_normal_armor01.dds	1
NPC/ymir work/npc/gangyo_patrol_spear/00.gr2	d:/ymir work/npc/gangyo_patrol_spear/00.gr2	0
NPC/ymir work/npc/auntie/wait.msa	d:/ymir work/npc/auntie/wait.msa	2
NPC/ymir work/npc/pony/00.msa	d:/ymir work/npc/pony/00.msa	2
NPC/ymir work/npc/baby_and_mom/baby_and_mom.dds	d:/ymir work/npc/baby_and_mom/baby_and_mom.dds	1
NPC/ymir work/npc/horse/04.gr2	d:/ymir work/npc/horse/04.gr2	0
NPC/ymir work/npc/rice_cake_seller/walk.gr2	d:/ymir work/npc/rice_cake_seller/walk.gr2	0
NPC/ymir work/npc/gangyo_patrol_spear/30_1.msa	d:/ymir work/npc/gangyo_patrol_spear/30_1.msa	2
NPC/ymir work/npc/baby_and_mom/baby_and_mom.gr2	d:/ymir work/npc/baby_and_mom/baby_and_mom.gr2	0
NPC/ymir work/npc/beggar/beggar.dds	d:/ymir work/npc/beggar/beggar.dds	1
NPC/ymir work/npc/baby_and_mom/die.gr2	d:/ymir work/npc/baby_and_mom/die.gr2	0
NPC/ymir work/npc/rice_cake_seller/motlist.txt	d:/ymir work/npc/rice_cake_seller/motlist.txt	2
NPC/ymir work/npc/baby_and_mom/die.msa	d:/ymir work/npc/baby_and_mom/die.msa	2
NPC/ymir work/npc/baby_and_mom/motlist.txt	d:/ymir work/npc/baby_and_mom/motlist.txt	2
NPC/ymir work/npc/goldstatue/00.msa	d:/ymir work/npc/goldstatue/00.msa	2
NPC/ymir work/npc/beggar/beggar.msm	d:/ymir work/npc/beggar/beggar.msm	2
NPC/ymir work/npc/baby_and_mom/run.msa	d:/ymir work/npc/baby_and_mom/run.msa	2
NPC/ymir work/npc/bank/bank.dds	d:/ymir work/npc/bank/bank.dds	1
NPC/ymir work/npc/baby_and_mom/walk.gr2	d:/ymir work/npc/baby_and_mom/walk.gr2	0
NPC/ymir work/npc/woodcutter/run.gr2	d:/ymir work/npc/woodcutter/run.gr2	0
NPC/ymir work/npc/gangyo_patrol_spear/30_1.gr2	d:/ymir work/npc/gangyo_patrol_spear/30_1.gr2	0
NPC/ymir work/npc/baby_and_mom/wait.gr2	d:/ymir work/npc/baby_and_mom/wait.gr2	0
NPC/ymir work/npc/baby_and_mom/walk.msa	d:/ymir work/npc/baby_and_mom/walk.msa	2
NPC/ymir work/npc/bank/bank.gr2	d:/ymir work/npc/bank/bank.gr2	0
NPC/ymir work/npc/gangyo_patrol_spear/gangyo_patrol_spear.dds	d:/ymir work/npc/gangyo_patrol_spear/gangyo_patrol_spear.dds	1
NPC/ymir work/npc/bank/bank_02.dds	d:/ymir work/npc/bank/bank_02.dds	1
NPC/ymir work/npc/bank/wait.msa	d:/ymir work/npc/bank/wait.msa	2
NPC/ymir work/npc/santa/santa.msm	d:/ymir work/npc/santa/santa.msm	2
NPC/ymir work/npc/beggar/beggar.gr2	d:/ymir work/npc/beggar/beggar.gr2	0
NPC/ymir work/npc/defence/defence.msm	d:/ymir work/npc/defence/defence.msm	2
NPC/ymir work/npc/jinno_patrol_spear/30_1.gr2	d:/ymir work/npc/jinno_patrol_spear/30_1.gr2	0
NPC/ymir work/npc/plant_researcher/run.gr2	d:/ymir work/npc/plant_researcher/run.gr2	0
NPC/ymir work/npc/beggar/wait.gr2	d:/ymir work/npc/beggar/wait.gr2	0
NPC/ymir work/npc/beggar/die.gr2	d:/ymir work/npc/beggar/die.gr2	0
NPC/ymir work/npc/beggar/run.msa	d:/ymir work/npc/beggar/run.msa	2
NPC/ymir work/npc/beggar/walk.gr2	d:/ymir work/npc/beggar/walk.gr2	0
NPC/ymir work/npc/jinno_patrol_bow/37.gr2	d:/ymir work/npc/jinno_patrol_bow/37.gr2	0
NPC/ymir work/npc/widow/die.gr2	d:/ymir work/npc/widow/die.gr2	0
NPC/ymir work/npc/hotel_grandma/wait.gr2	d:/ymir work/npc/hotel_grandma/wait.gr2	0
NPC/ymir work/npc/oldster/die.gr2	d:/ymir work/npc/oldster/die.gr2	0
NPC/ymir work/npc/beggar/walk.msa	d:/ymir work/npc/beggar/walk.msa	2
NPC/ymir work/npc/jinno_patrol_spear/30_1.msa	d:/ymir work/npc/jinno_patrol_spear/30_1.msa	2
NPC/ymir work/npc/horse/horse_member.msm	d:/ymir work/npc/horse/horse_member.msm	2
NPC/ymir work/npc/hunter/run.gr2	d:/ymir work/npc/hunter/run.gr2	0
NPC/ymir work/npc/sinseon/00_1.gr2	d:/ymir work/npc/sinseon/00_1.gr2	0
NPC/ymir work/npc/horse/02.msa	d:/ymir work/npc/horse/02.msa	2
NPC/ymir work/npc/blacksmith/blacksmith.dds	d:/ymir work/npc/blacksmith/blacksmith.dds	1
NPC/ymir work/npc/blacksmith/blacksmith.gr2	d:/ymir work/npc/blacksmith/blacksmith.gr2	0
NPC/ymir work/npc/horse2/04.msa	d:/ymir work/npc/horse2/04.msa	2
NPC/ymir work/npc/tombstone1/00.gr2	d:/ymir work/npc/tombstone1/00.gr2	0
NPC/ymir work/npc/blacksmith/blacksmith.msm	d:/ymir work/npc/blacksmith/blacksmith.msm	2
NPC/ymir work/npc/oldster/walk.gr2	d:/ymir work/npc/oldster/walk.gr2	0
NPC/ymir work/npc/ceramist/motlist.txt	d:/ymir work/npc/ceramist/motlist.txt	2
NPC/ymir work/npc/girl_lost_elder_brother/run.msa	d:/ymir work/npc/girl_lost_elder_brother/run.msa	2
NPC/ymir work/npc/seal_stone/wait.gr2	d:/ymir work/npc/seal_stone/wait.gr2	0
NPC/ymir work/npc/blacksmith/die.msa	d:/ymir work/npc/blacksmith/die.msa	2
NPC/ymir work/npc/gangyo_patrol_spear/33.msa	d:/ymir work/npc/gangyo_patrol_spear/33.msa	2
NPC/ymir work/npc/pony/pony_normal.msm	d:/ymir work/npc/pony/pony_normal.msm	2
NPC/ymir work/npc/blacksmith/run.gr2	d:/ymir work/npc/blacksmith/run.gr2	0
NPC/ymir work/npc/sailor/sailor.gr2	d:/ymir work/npc/sailor/sailor.gr2	0
NPC/ymir work/npc/blacksmith/run.msa	d:/ymir work/npc/blacksmith/run.msa	2
NPC/ymir work/npc/hotel_grandma/motlist.txt	d:/ymir work/npc/hotel_grandma/motlist.txt	2
NPC/ymir work/npc/sinsu_patrol_bow/00.msa	d:/ymir work/npc/sinsu_patrol_bow/00.msa	2
NPC/ymir work/npc/blacksmith/wait.gr2	d:/ymir work/npc/blacksmith/wait.gr2	0
NPC/ymir work/npc/horse/horse_normal.msm	d:/ymir work/npc/horse/horse_normal.msm	2
NPC/ymir work/npc/mineral/fossil_tree.msm	d:/ymir work/npc/mineral/fossil_tree.msm	2
NPC/ymir work/npc/blacksmith/wait.msa	d:/ymir work/npc/blacksmith/wait.msa	2
NPC/ymir work/npc/blacksmith/wait_1.gr2	d:/ymir work/npc/blacksmith/wait_1.gr2	0
NPC/ymir work/npc/hotel_grandfa/hotel_grandfa.msm	d:/ymir work/npc/hotel_grandfa/hotel_grandfa.msm	2
NPC/ymir work/npc/hunter/walk.gr2	d:/ymir work/npc/hunter/walk.gr2	0
NPC/ymir work/npc/blacksmith/wait_1.msa	d:/ymir work/npc/blacksmith/wait_1.msa	2
NPC/ymir work/npc/blacksmith/wait_2.gr2	d:/ymir work/npc/blacksmith/wait_2.gr2	0
NPC/ymir work/npc/eojiryu/eojiryu.gr2	d:/ymir work/npc/eojiryu/eojiryu.gr2	0
NPC/ymir work/npc/bookworm/bookworm.dds	d:/ymir work/npc/bookworm/bookworm.dds	1
NPC/ymir work/npc/girl_lost_elder_brother/die.msa	d:/ymir work/npc/girl_lost_elder_brother/die.msa	2
NPC/ymir work/npc/bookworm/bookworm.gr2	d:/ymir work/npc/bookworm/bookworm.gr2	0
NPC/ymir work/npc/gangyo_patrol_bow/30.gr2	d:/ymir work/npc/gangyo_patrol_bow/30.gr2	0
NPC/ymir work/npc/horse/horse_master.msm	d:/ymir work/npc/horse/horse_master.msm	2
NPC/ymir work/npc/doctor/wait.gr2	d:/ymir work/npc/doctor/wait.gr2	0
NPC/ymir work/npc/gangyo_patrol_spear/30.msa	d:/ymir work/npc/gangyo_patrol_spear/30.msa	2
NPC/ymir work/npc/bookworm/bookworm.msm	d:/ymir work/npc/bookworm/bookworm.msm	2
NPC/ymir work/npc/gangyo_patrol_bow/32.gr2	d:/ymir work/npc/gangyo_patrol_bow/32.gr2	0
NPC/ymir work/npc/bookworm/die.gr2	d:/ymir work/npc/bookworm/die.gr2	0
NPC/ymir work/npc/bookworm/die.msa	d:/ymir work/npc/bookworm/die.msa	2
NPC/ymir work/npc/bookworm/motlist.txt	d:/ymir work/npc/bookworm/motlist.txt	2
NPC/ymir work/npc/mineral/ore_01.dds	d:/ymir work/npc/mineral/ore_01.dds	1
NPC/ymir work/npc/doctor/die.msa	d:/ymir work/npc/doctor/die.msa	2
NPC/ymir work/npc/widow/die.msa	d:/ymir work/npc/widow/die.msa	2
NPC/ymir work/npc/bookworm/run.gr2	d:/ymir work/npc/bookworm/run.gr2	0
NPC/ymir work/npc/bookworm/run.msa	d:/ymir work/npc/bookworm/run.msa	2
NPC/ymir work/npc/bookworm/wait.gr2	d:/ymir work/npc/bookworm/wait.gr2	0
NPC/ymir work/npc/hotel_grandfa/hotel_grandfa.dds	d:/ymir work/npc/hotel_grandfa/hotel_grandfa.dds	1
NPC/ymir work/npc/young_merchant/run.gr2	d:/ymir work/npc/young_merchant/run.gr2	0
NPC/ymir work/npc/gangyo_patrol_bow/32.msa	d:/ymir work/npc/gangyo_patrol_bow/32.msa	2
NPC/ymir work/npc/bookworm/walk.gr2	d:/ymir work/npc/bookworm/walk.gr2	0
NPC/ymir work/npc/bookworm/walk.msa	d:/ymir work/npc/bookworm/walk.msa	2
NPC/ymir work/npc/hunter/die.gr2	d:/ymir work/npc/hunter/die.gr2	0
NPC/ymir work/npc/campfire/campfire.msm	d:/ymir work/npc/campfire/campfire.msm	2
NPC/ymir work/npc/ceramist/ceramist.dds	d:/ymir work/npc/ceramist/ceramist.dds	1
NPC/ymir work/npc/jinno_patrol_spear/36.gr2	d:/ymir work/npc/jinno_patrol_spear/36.gr2	0
NPC/ymir work/npc/sinsu_patrol_bow/37.gr2	d:/ymir work/npc/sinsu_patrol_bow/37.gr2	0
NPC/ymir work/npc/ceramist/ceramist.gr2	d:/ymir work/npc/ceramist/ceramist.gr2	0
NPC/ymir work/npc/gangyo_patrol_spear/32.gr2	d:/ymir work/npc/gangyo_patrol_spear/32.gr2	0
NPC/ymir work/npc/pony/25.gr2	d:/ymir work/npc/pony/25.gr2	0
NPC/ymir work/npc/ceramist/ceramist.msm	d:/ymir work/npc/ceramist/ceramist.msm	2
NPC/ymir work/npc/eojiryu/wait_1.gr2	d:/ymir work/npc/eojiryu/wait_1.gr2	0
NPC/ymir work/npc/horse2/horse2_normal.msm	d:/ymir work/npc/horse2/horse2_normal.msm	2
NPC/ymir work/npc/ceramist/die.gr2	d:/ymir work/npc/ceramist/die.gr2	0
NPC/ymir work/npc/sinsu_patrol_spear/20.msa	d:/ymir work/npc/sinsu_patrol_spear/20.msa	2
NPC/ymir work/npc/ceramist/die.msa	d:/ymir work/npc/ceramist/die.msa	2
NPC/ymir work/npc/ceramist/run.gr2	d:/ymir work/npc/ceramist/run.gr2	0
NPC/ymir work/npc/sinsu_patrol_spear/03.msa	d:/ymir work/npc/sinsu_patrol_spear/03.msa	2
NPC/ymir work/npc/goods/goods_02.msm	d:/ymir work/npc/goods/goods_02.msm	2
NPC/ymir work/npc/old_pirate/old_pirate.msm	d:/ymir work/npc/old_pirate/old_pirate.msm	2
NPC/ymir work/npc/ceramist/run.msa	d:/ymir work/npc/ceramist/run.msa	2
NPC/ymir work/npc/young_merchant/young_merchant.gr2	d:/ymir work/npc/young_merchant/young_merchant.gr2	0
NPC/ymir work/npc/ceramist/wait.gr2	d:/ymir work/npc/ceramist/wait.gr2	0
NPC/ymir work/npc/gm/gm.dds	d:/ymir work/npc/gm/gm.dds	1
NPC/ymir work/npc/sinsu_patrol_bow/20.msa	d:/ymir work/npc/sinsu_patrol_bow/20.msa	2
NPC/ymir work/npc/ceramist/wait.msa	d:/ymir work/npc/ceramist/wait.msa	2
NPC/ymir work/npc/old_pirate/run.msa	d:/ymir work/npc/old_pirate/run.msa	2
NPC/ymir work/npc/gangyo_patrol_bow/37.msa	d:/ymir work/npc/gangyo_patrol_bow/37.msa	2
NPC/ymir work/npc/widow/widow.gr2	d:/ymir work/npc/widow/widow.gr2	0
NPC/ymir work/npc/musician/walk.gr2	d:/ymir work/npc/musician/walk.gr2	0
NPC/ymir work/npc/ceramist/wait_1.gr2	d:/ymir work/npc/ceramist/wait_1.gr2	0
NPC/ymir work/npc/ceramist/wait_1.msa	d:/ymir work/npc/ceramist/wait_1.msa	2
NPC/ymir work/npc/mirinae_brother/motlist.txt	d:/ymir work/npc/mirinae_brother/motlist.txt	2
NPC/ymir work/npc/ceramist/walk.gr2	d:/ymir work/npc/ceramist/walk.gr2	0
NPC/ymir work/npc/pony/00_1.msa	d:/ymir work/npc/pony/00_1.msa	2
NPC/ymir work/npc/ceramist/walk.msa	d:/ymir work/npc/ceramist/walk.msa	2
NPC/ymir work/npc/horse2/horse_normal01.dds	d:/ymir work/npc/horse2/horse_normal01.dds	1
NPC/ymir work/npc/hotel_grandma/hotel_grandma.msm	d:/ymir work/npc/hotel_grandma/hotel_grandma.msm	2
NPC/ymir work/npc/christmas_tree/christmas_tree_01.msm	d:/ymir work/npc/christmas_tree/christmas_tree_01.msm	2
NPC/ymir work/npc/christmas_tree/christmas_tree_02.msm	d:/ymir work/npc/christmas_tree/christmas_tree_02.msm	2
NPC/ymir work/npc/horse/horse_master_armor01.dds	d:/ymir work/npc/horse/horse_master_armor01.dds	1
NPC/ymir work/npc/christmas_tree/christmas_tree_03.msm	d:/ymir work/npc/christmas_tree/christmas_tree_03.msm	2
NPC/ymir work/npc/mr_restaurant/mr_restaurant.msm	d:/ymir work/npc/mr_restaurant/mr_restaurant.msm	2
NPC/ymir work/npc/girl_lost_elder_brother/girl_lost_elder_brother.gr2	d:/ymir work/npc/girl_lost_elder_brother/girl_lost_elder_brother.gr2	0
NPC/ymir work/npc/mineral/gold.gr2	d:/ymir work/npc/mineral/gold.gr2	0
NPC/ymir work/npc/christmas_tree/motlist.txt	d:/ymir work/npc/christmas_tree/motlist.txt	2
NPC/ymir work/npc/santa/wait_1.msa	d:/ymir work/npc/santa/wait_1.msa	2
NPC/ymir work/npc/christmas_tree/wait.msa	d:/ymir work/npc/christmas_tree/wait.msa	2
NPC/ymir work/npc/old_pirate/wait_1.gr2	d:/ymir work/npc/old_pirate/wait_1.gr2	0
NPC/ymir work/npc/oldster/wait_1.msa	d:/ymir work/npc/oldster/wait_1.msa	2
NPC/ymir work/npc/defence/defence.dds	d:/ymir work/npc/defence/defence.dds	1
NPC/ymir work/npc/mr_restaurant/walk.msa	d:/ymir work/npc/mr_restaurant/walk.msa	2
NPC/ymir work/npc/defence/motlist.txt	d:/ymir work/npc/defence/motlist.txt	2
NPC/ymir work/npc/goldstatue/00.gr2	d:/ymir work/npc/goldstatue/00.gr2	0
NPC/ymir work/npc/sinsu_patrol_spear/34_1.msa	d:/ymir work/npc/sinsu_patrol_spear/34_1.msa	2
NPC/ymir work/npc/defence/wait.gr2	d:/ymir work/npc/defence/wait.gr2	0
NPC/ymir work/npc/yu_hwa_rang/wait.gr2	d:/ymir work/npc/yu_hwa_rang/wait.gr2	0
NPC/ymir work/npc/gangyo_patrol_spear/00_1.msa	d:/ymir work/npc/gangyo_patrol_spear/00_1.msa	2
NPC/ymir work/npc/horse2/03.gr2	d:/ymir work/npc/horse2/03.gr2	0
NPC/ymir work/npc/defence/wait.msa	d:/ymir work/npc/defence/wait.msa	2
NPC/ymir work/npc/eojiryu/wait.msa	d:/ymir work/npc/eojiryu/wait.msa	2
NPC/ymir work/npc/doctor/die.gr2	d:/ymir work/npc/doctor/die.gr2	0
NPC/ymir work/npc/doctor/walk.msa	d:/ymir work/npc/doctor/walk.msa	2
NPC/ymir work/npc/warp/warp.tga	d:/ymir work/npc/warp/warp.tga	1
NPC/ymir work/npc/doctor/doctor.dds	d:/ymir work/npc/doctor/doctor.dds	1
NPC/ymir work/npc/mineral/silver.gr2	d:/ymir work/npc/mineral/silver.gr2	0
NPC/ymir work/npc/timid_boy/timid_boy.msm	d:/ymir work/npc/timid_boy/timid_boy.msm	2
NPC/ymir work/npc/doctor/doctor.gr2	d:/ymir work/npc/doctor/doctor.gr2	0
NPC/ymir work/npc/girl_lost_elder_brother/walk.gr2	d:/ymir work/npc/girl_lost_elder_brother/walk.gr2	0
NPC/ymir work/npc/doctor/doctor.msm	d:/ymir work/npc/doctor/doctor.msm	2
NPC/ymir work/npc/doctor/motlist.txt	d:/ymir work/npc/doctor/motlist.txt	2
NPC/ymir work/npc/gangyo_patrol_spear/02.msa	d:/ymir work/npc/gangyo_patrol_spear/02.msa	2
NPC/ymir work/npc/doctor/run.gr2	d:/ymir work/npc/doctor/run.gr2	0
NPC/ymir work/npc/sinsu_patrol_bow/32.gr2	d:/ymir work/npc/sinsu_patrol_bow/32.gr2	0
NPC/ymir work/npc/doctor/run.msa	d:/ymir work/npc/doctor/run.msa	2
NPC/ymir work/npc/eojiryu/die.gr2	d:/ymir work/npc/eojiryu/die.gr2	0
NPC/ymir work/npc/gangyo_patrol_spear/31.gr2	d:/ymir work/npc/gangyo_patrol_spear/31.gr2	0
NPC/ymir work/npc/gangyo_patrol_bow/gangyo_patrol_bow.gr2	d:/ymir work/npc/gangyo_patrol_bow/gangyo_patrol_bow.gr2	0
NPC/ymir work/npc/gilaso/wait.gr2	d:/ymir work/npc/gilaso/wait.gr2	0
NPC/ymir work/npc/eojiryu/die.msa	d:/ymir work/npc/eojiryu/die.msa	2
NPC/ymir work/npc/horse/horse_normal_armor02.dds	d:/ymir work/npc/horse/horse_normal_armor02.dds	1
NPC/ymir work/npc/sailor/die.gr2	d:/ymir work/npc/sailor/die.gr2	0
NPC/ymir work/npc/eojiryu/eojiryu.dds	d:/ymir work/npc/eojiryu/eojiryu.dds	1
NPC/ymir work/npc/stone_door/open_wait.msa	d:/ymir work/npc/stone_door/open_wait.msa	2
NPC/ymir work/npc/horse/00.msa	d:/ymir work/npc/horse/00.msa	2
NPC/ymir work/npc/seal_stone/motlist.txt	d:/ymir work/npc/seal_stone/motlist.txt	2
NPC/ymir work/npc/eojiryu/motlist.txt	d:/ymir work/npc/eojiryu/motlist.txt	2
NPC/ymir work/npc/mr_restaurant/wait_2.msa	d:/ymir work/npc/mr_restaurant/wait_2.msa	2
NPC/ymir work/npc/eojiryu/run.gr2	d:/ymir work/npc/eojiryu/run.gr2	0
NPC/ymir work/npc/eojiryu/wait.gr2	d:/ymir work/npc/eojiryu/wait.gr2	0
NPC/ymir work/npc/jinno_patrol_spear/37.gr2	d:/ymir work/npc/jinno_patrol_spear/37.gr2	0
NPC/ymir work/npc/gangyo_patrol_spear/35.gr2	d:/ymir work/npc/gangyo_patrol_spear/35.gr2	0
NPC/ymir work/npc/eojiryu/wait_1.msa	d:/ymir work/npc/eojiryu/wait_1.msa	2
NPC/ymir work/npc/jinno_patrol_bow/33.msa	d:/ymir work/npc/jinno_patrol_bow/33.msa	2
NPC/ymir work/npc/jinno_patrol_spear/jinno_patrol_spear.dds	d:/ymir work/npc/jinno_patrol_spear/jinno_patrol_spear.dds	1
NPC/ymir work/npc/eojiryu/walk.gr2	d:/ymir work/npc/eojiryu/walk.gr2	0
NPC/ymir work/npc/gangyo_patrol_spear/00.msa	d:/ymir work/npc/gangyo_patrol_spear/00.msa	2
NPC/ymir work/npc/eojiryu/walk.msa	d:/ymir work/npc/eojiryu/walk.msa	2
NPC/ymir work/npc/sailor/wait.gr2	d:/ymir work/npc/sailor/wait.gr2	0
NPC/ymir work/npc/gangyo_patrol_bow/00.gr2	d:/ymir work/npc/gangyo_patrol_bow/00.gr2	0
NPC/ymir work/npc/gangyo_patrol_bow/00.msa	d:/ymir work/npc/gangyo_patrol_bow/00.msa	2
NPC/ymir work/npc/gangyo_patrol_bow/00_1.gr2	d:/ymir work/npc/gangyo_patrol_bow/00_1.gr2	0
NPC/ymir work/npc/gangyo_patrol_spear/34_1.gr2	d:/ymir work/npc/gangyo_patrol_spear/34_1.gr2	0
NPC/ymir work/npc/gangyo_patrol_bow/00_1.msa	d:/ymir work/npc/gangyo_patrol_bow/00_1.msa	2
NPC/ymir work/npc/gangyo_patrol_bow/03.msa	d:/ymir work/npc/gangyo_patrol_bow/03.msa	2
NPC/ymir work/npc/gangyo_patrol_bow/02.msa	d:/ymir work/npc/gangyo_patrol_bow/02.msa	2
NPC/ymir work/npc/gangyo_patrol_bow/35.msa	d:/ymir work/npc/gangyo_patrol_bow/35.msa	2
NPC/ymir work/npc/horse2/horse2_master.gr2	d:/ymir work/npc/horse2/horse2_master.gr2	0
NPC/ymir work/npc/gangyo_patrol_bow/03.gr2	d:/ymir work/npc/gangyo_patrol_bow/03.gr2	0
NPC/ymir work/npc/gangyo_patrol_bow/20.gr2	d:/ymir work/npc/gangyo_patrol_bow/20.gr2	0
NPC/ymir work/npc/gangyo_patrol_bow/20.msa	d:/ymir work/npc/gangyo_patrol_bow/20.msa	2
NPC/ymir work/npc/guard_leader/run.msa	d:/ymir work/npc/guard_leader/run.msa	2
NPC/ymir work/npc/mineral/quartz.msm	d:/ymir work/npc/mineral/quartz.msm	2
NPC/ymir work/npc/gangyo_patrol_bow/30.msa	d:/ymir work/npc/gangyo_patrol_bow/30.msa	2
NPC/ymir work/npc/horse/03.msa	d:/ymir work/npc/horse/03.msa	2
NPC/ymir work/npc/jinno_patrol_spear/jinno_patrol_spear.msm	d:/ymir work/npc/jinno_patrol_spear/jinno_patrol_spear.msm	2
NPC/ymir work/npc/tombstone/tombstone.dds	d:/ymir work/npc/tombstone/tombstone.dds	1
NPC/ymir work/npc/sailor/walk.msa	d:/ymir work/npc/sailor/walk.msa	2
NPC/ymir work/npc/gangyo_patrol_bow/30_1.msa	d:/ymir work/npc/gangyo_patrol_bow/30_1.msa	2
NPC/ymir work/npc/santa/wait.gr2	d:/ymir work/npc/santa/wait.gr2	0
NPC/ymir work/npc/gangyo_patrol_bow/31.gr2	d:/ymir work/npc/gangyo_patrol_bow/31.gr2	0
NPC/ymir work/npc/guard_leader/die.gr2	d:/ymir work/npc/guard_leader/die.gr2	0
NPC/ymir work/npc/mineral/diamond.msm	d:/ymir work/npc/mineral/diamond.msm	2
NPC/ymir work/npc/gangyo_patrol_bow/31.msa	d:/ymir work/npc/gangyo_patrol_bow/31.msa	2
NPC/ymir work/npc/gangyo_patrol_bow/33.msa	d:/ymir work/npc/gangyo_patrol_bow/33.msa	2
NPC/ymir work/npc/girl_lost_elder_brother/wait.msa	d:/ymir work/npc/girl_lost_elder_brother/wait.msa	2
NPC/ymir work/npc/old_pirate/walk.gr2	d:/ymir work/npc/old_pirate/walk.gr2	0
NPC/ymir work/npc/gangyo_patrol_bow/34.gr2	d:/ymir work/npc/gangyo_patrol_bow/34.gr2	0
NPC/ymir work/npc/gangyo_patrol_bow/34.msa	d:/ymir work/npc/gangyo_patrol_bow/34.msa	2
NPC/ymir work/npc/gangyo_patrol_bow/34_1.gr2	d:/ymir work/npc/gangyo_patrol_bow/34_1.gr2	0
NPC/ymir work/npc/mineral/pearl.msm	d:/ymir work/npc/mineral/pearl.msm	2
NPC/ymir work/npc/gangyo_patrol_bow/34_1.msa	d:/ymir work/npc/gangyo_patrol_bow/34_1.msa	2
NPC/ymir work/npc/jinno_patrol_bow/jinno_patrol_bow.dds	d:/ymir work/npc/jinno_patrol_bow/jinno_patrol_bow.dds	1
NPC/ymir work/npc/gangyo_patrol_bow/35.gr2	d:/ymir work/npc/gangyo_patrol_bow/35.gr2	0
NPC/ymir work/npc/horse/stop.gr2	d:/ymir work/npc/horse/stop.gr2	0
NPC/ymir work/npc/gangyo_patrol_bow/36.gr2	d:/ymir work/npc/gangyo_patrol_bow/36.gr2	0
NPC/ymir work/npc/gangyo_patrol_bow/36.msa	d:/ymir work/npc/gangyo_patrol_bow/36.msa	2
NPC/ymir work/npc/gangyo_patrol_bow/37.gr2	d:/ymir work/npc/gangyo_patrol_bow/37.gr2	0
NPC/ymir work/npc/hunter/die.msa	d:/ymir work/npc/hunter/die.msa	2
NPC/ymir work/npc/gangyo_patrol_bow/gangyo_patrol_bow.dds	d:/ymir work/npc/gangyo_patrol_bow/gangyo_patrol_bow.dds	1
NPC/ymir work/npc/gangyo_patrol_bow/gangyo_patrol_bow.msm	d:/ymir work/npc/gangyo_patrol_bow/gangyo_patrol_bow.msm	2
NPC/ymir work/npc/horse2/31.gr2	d:/ymir work/npc/horse2/31.gr2	0
NPC/ymir work/npc/gangyo_patrol_bow/motlist.txt	d:/ymir work/npc/gangyo_patrol_bow/motlist.txt	2
NPC/ymir work/npc/gangyo_patrol_spear/00_1.gr2	d:/ymir work/npc/gangyo_patrol_spear/00_1.gr2	0
NPC/ymir work/npc/mr_restaurant/wait.gr2	d:/ymir work/npc/mr_restaurant/wait.gr2	0
NPC/ymir work/npc/gangyo_patrol_spear/02.gr2	d:/ymir work/npc/gangyo_patrol_spear/02.gr2	0
NPC/ymir work/npc/sinsu_patrol_spear/37.gr2	d:/ymir work/npc/sinsu_patrol_spear/37.gr2	0
NPC/ymir work/npc/gangyo_patrol_spear/03.gr2	d:/ymir work/npc/gangyo_patrol_spear/03.gr2	0
NPC/ymir work/npc/jinno_patrol_spear/00_1.msa	d:/ymir work/npc/jinno_patrol_spear/00_1.msa	2
NPC/ymir work/npc/jinno_patrol_spear/20.gr2	d:/ymir work/npc/jinno_patrol_spear/20.gr2	0
NPC/ymir work/npc/gangyo_patrol_spear/03.msa	d:/ymir work/npc/gangyo_patrol_spear/03.msa	2
NPC/ymir work/npc/gangyo_patrol_spear/20.gr2	d:/ymir work/npc/gangyo_patrol_spear/20.gr2	0
NPC/ymir work/npc/gilaso/gilaso.gr2	d:/ymir work/npc/gilaso/gilaso.gr2	0
NPC/ymir work/npc/peddler/die.gr2	d:/ymir work/npc/peddler/die.gr2	0
NPC/ymir work/npc/gangyo_patrol_spear/20.msa	d:/ymir work/npc/gangyo_patrol_spear/20.msa	2
NPC/ymir work/npc/jinno_patrol_spear/35.gr2	d:/ymir work/npc/jinno_patrol_spear/35.gr2	0
NPC/ymir work/npc/seal_stone/seal_stone.dds	d:/ymir work/npc/seal_stone/seal_stone.dds	1
NPC/ymir work/npc/pony/03.msa	d:/ymir work/npc/pony/03.msa	2
NPC/ymir work/npc/horse2/33.gr2	d:/ymir work/npc/horse2/33.gr2	0
NPC/ymir work/npc/wooden_door/wooden_door.gr2	d:/ymir work/npc/wooden_door/wooden_door.gr2	0
NPC/ymir work/npc/widow/walk.msa	d:/ymir work/npc/widow/walk.msa	2
NPC/ymir work/npc/gangyo_patrol_spear/20_1.gr2	d:/ymir work/npc/gangyo_patrol_spear/20_1.gr2	0
NPC/ymir work/npc/gangyo_patrol_spear/20_1.msa	d:/ymir work/npc/gangyo_patrol_spear/20_1.msa	2
NPC/ymir work/npc/horse/31.msa	d:/ymir work/npc/horse/31.msa	2
NPC/ymir work/npc/jinno_patrol_spear/34.msa	d:/ymir work/npc/jinno_patrol_spear/34.msa	2
NPC/ymir work/npc/gangyo_patrol_spear/30.gr2	d:/ymir work/npc/gangyo_patrol_spear/30.gr2	0
NPC/ymir work/npc/tombstone1/tombstone1.msm	d:/ymir work/npc/tombstone1/tombstone1.msm	2
NPC/ymir work/npc/rice_cake_seller/die.gr2	d:/ymir work/npc/rice_cake_seller/die.gr2	0
NPC/ymir work/npc/peddler/die.msa	d:/ymir work/npc/peddler/die.msa	2
NPC/ymir work/npc/gangyo_patrol_spear/31.msa	d:/ymir work/npc/gangyo_patrol_spear/31.msa	2
NPC/ymir work/npc/horse2/horse_normal_armor02.dds	d:/ymir work/npc/horse2/horse_normal_armor02.dds	1
NPC/ymir work/npc/mineral/silver.msm	d:/ymir work/npc/mineral/silver.msm	2
NPC/ymir work/npc/wooden_door/wooden_door.msm	d:/ymir work/npc/wooden_door/wooden_door.msm	2
NPC/ymir work/npc/gangyo_patrol_spear/33.gr2	d:/ymir work/npc/gangyo_patrol_spear/33.gr2	0
NPC/ymir work/npc/girl_lost_elder_brother/wait.gr2	d:/ymir work/npc/girl_lost_elder_brother/wait.gr2	0
NPC/ymir work/npc/gangyo_patrol_spear/34.gr2	d:/ymir work/npc/gangyo_patrol_spear/34.gr2	0
NPC/ymir work/npc/gilaso/run.msa	d:/ymir work/npc/gilaso/run.msa	2
NPC/ymir work/npc/gangyo_patrol_spear/34.msa	d:/ymir work/npc/gangyo_patrol_spear/34.msa	2
NPC/ymir work/npc/gangyo_patrol_spear/34_1.msa	d:/ymir work/npc/gangyo_patrol_spear/34_1.msa	2
NPC/ymir work/npc/gangyo_patrol_spear/35.msa	d:/ymir work/npc/gangyo_patrol_spear/35.msa	2
NPC/ymir work/npc/gangyo_patrol_spear/36.gr2	d:/ymir work/npc/gangyo_patrol_spear/36.gr2	0
NPC/ymir work/npc/horse2/20.gr2	d:/ymir work/npc/horse2/20.gr2	0
NPC/ymir work/npc/gangyo_patrol_spear/36.msa	d:/ymir work/npc/gangyo_patrol_spear/36.msa	2
NPC/ymir work/npc/horse2/horse_stop.msa	d:/ymir work/npc/horse2/horse_stop.msa	2
NPC/ymir work/npc/gangyo_patrol_spear/37.gr2	d:/ymir work/npc/gangyo_patrol_spear/37.gr2	0
NPC/ymir work/npc/horse/00_2.msa	d:/ymir work/npc/horse/00_2.msa	2
NPC/ymir work/npc/horse2/25.msa	d:/ymir work/npc/horse2/25.msa	2
NPC/ymir work/npc/gangyo_patrol_spear/37.msa	d:/ymir work/npc/gangyo_patrol_spear/37.msa	2
NPC/ymir work/npc/stone_door/open_wait.gr2	d:/ymir work/npc/stone_door/open_wait.gr2	0
NPC/ymir work/npc/gangyo_patrol_spear/gangyo_patrol_spear.gr2	d:/ymir work/npc/gangyo_patrol_spear/gangyo_patrol_spear.gr2	0
NPC/ymir work/npc/gangyo_patrol_spear/gangyo_patrol_spear.msm	d:/ymir work/npc/gangyo_patrol_spear/gangyo_patrol_spear.msm	2
NPC/ymir work/npc/jinno_patrol_bow/34.msa	d:/ymir work/npc/jinno_patrol_bow/34.msa	2
NPC/ymir work/npc/gangyo_patrol_spear/motlist.txt	d:/ymir work/npc/gangyo_patrol_spear/motlist.txt	2
NPC/ymir work/npc/gilaso/die.gr2	d:/ymir work/npc/gilaso/die.gr2	0
NPC/ymir work/npc/pony/20.msa	d:/ymir work/npc/pony/20.msa	2
NPC/ymir work/npc/gilaso/die.msa	d:/ymir work/npc/gilaso/die.msa	2
NPC/ymir work/npc/oldster/walk.msa	d:/ymir work/npc/oldster/walk.msa	2
NPC/ymir work/npc/guard_leader/wait.msa	d:/ymir work/npc/guard_leader/wait.msa	2
NPC/ymir work/npc/gilaso/gilaso.msm	d:/ymir work/npc/gilaso/gilaso.msm	2
NPC/ymir work/npc/gilaso/run.gr2	d:/ymir work/npc/gilaso/run.gr2	0
NPC/ymir work/npc/jinno_patrol_bow/31.msa	d:/ymir work/npc/jinno_patrol_bow/31.msa	2
NPC/ymir work/npc/gilaso/wait.msa	d:/ymir work/npc/gilaso/wait.msa	2
NPC/ymir work/npc/rice_cake_seller/run.gr2	d:/ymir work/npc/rice_cake_seller/run.gr2	0
NPC/ymir work/npc/gilaso/walk.gr2	d:/ymir work/npc/gilaso/walk.gr2	0
NPC/ymir work/npc/gilaso/walk.msa	d:/ymir work/npc/gilaso/walk.msa	2
NPC/ymir work/npc/guild_war_flag/wait.msa	d:/ymir work/npc/guild_war_flag/wait.msa	2
NPC/ymir work/npc/girl_lost_elder_brother/die.gr2	d:/ymir work/npc/girl_lost_elder_brother/die.gr2	0
NPC/ymir work/npc/tombstone/00.gr2	d:/ymir work/npc/tombstone/00.gr2	0
NPC/ymir work/npc/girl_lost_elder_brother/girl_lost_elder_brother.dds	d:/ymir work/npc/girl_lost_elder_brother/girl_lost_elder_brother.dds	1
NPC/ymir work/npc/girl_lost_elder_brother/girl_lost_elder_brother.msm	d:/ymir work/npc/girl_lost_elder_brother/girl_lost_elder_brother.msm	2
NPC/ymir work/npc/girl_lost_elder_brother/motlist.txt	d:/ymir work/npc/girl_lost_elder_brother/motlist.txt	2
NPC/ymir work/npc/widow/motlist.txt	d:/ymir work/npc/widow/motlist.txt	2
NPC/ymir work/npc/girl_lost_elder_brother/run.gr2	d:/ymir work/npc/girl_lost_elder_brother/run.gr2	0
NPC/ymir work/npc/girl_lost_elder_brother/walk.msa	d:/ymir work/npc/girl_lost_elder_brother/walk.msa	2
NPC/ymir work/npc/gm/00.gr2	d:/ymir work/npc/gm/00.gr2	0
NPC/ymir work/npc/gm/gm.gr2	d:/ymir work/npc/gm/gm.gr2	0
NPC/ymir work/npc/goldstatue/goldstatue	d:/ymir work/npc/goldstatue/goldstatue	0
NPC/ymir work/npc/mr_restaurant/die.gr2	d:/ymir work/npc/mr_restaurant/die.gr2	0
NPC/ymir work/npc/sinsu_patrol_bow/32.msa	d:/ymir work/npc/sinsu_patrol_bow/32.msa	2
NPC/ymir work/npc/santa/dead.msa	d:/ymir work/npc/santa/dead.msa	2
NPC/ymir work/npc/plant_researcher/wait.msa	d:/ymir work/npc/plant_researcher/wait.msa	2
NPC/ymir work/npc/goldstatue/goldstatue.dds	d:/ymir work/npc/goldstatue/goldstatue.dds	1
NPC/ymir work/npc/horse/00_2.gr2	d:/ymir work/npc/horse/00_2.gr2	0
NPC/ymir work/npc/sinsu_patrol_spear/motlist.txt	d:/ymir work/npc/sinsu_patrol_spear/motlist.txt	2
NPC/ymir work/npc/horse2/horse_member01.dds	d:/ymir work/npc/horse2/horse_member01.dds	1
NPC/ymir work/npc/goldstatue/goldstatue.gr2	d:/ymir work/npc/goldstatue/goldstatue.gr2	0
NPC/ymir work/npc/goods/goods.gr2	d:/ymir work/npc/goods/goods.gr2	0
NPC/ymir work/npc/goods/motlist.txt	d:/ymir work/npc/goods/motlist.txt	2
NPC/ymir work/npc/horse2/20_1.msa	d:/ymir work/npc/horse2/20_1.msa	2
NPC/ymir work/npc/goods/wait.gr2	d:/ymir work/npc/goods/wait.gr2	0
NPC/ymir work/npc/mineral/white_gold.gr2	d:/ymir work/npc/mineral/white_gold.gr2	0
NPC/ymir work/npc/woodcutter/wait_1.gr2	d:/ymir work/npc/woodcutter/wait_1.gr2	0
NPC/ymir work/npc/goods/wait.msa	d:/ymir work/npc/goods/wait.msa	2
NPC/ymir work/npc/sinsu_patrol_bow/03.msa	d:/ymir work/npc/sinsu_patrol_bow/03.msa	2
NPC/ymir work/npc/guard_leader/die.msa	d:/ymir work/npc/guard_leader/die.msa	2
NPC/ymir work/npc/guard_leader/guard_leader.dds	d:/ymir work/npc/guard_leader/guard_leader.dds	1
NPC/ymir work/npc/guard_leader/guard_leader.gr2	d:/ymir work/npc/guard_leader/guard_leader.gr2	0
NPC/ymir work/npc/horse/25.gr2	d:/ymir work/npc/horse/25.gr2	0
NPC/ymir work/npc/guard_leader/guard_leader.msm	d:/ymir work/npc/guard_leader/guard_leader.msm	2
NPC/ymir work/npc/guard_leader/motlist.txt	d:/ymir work/npc/guard_leader/motlist.txt	2
NPC/ymir work/npc/guard_leader/run.gr2	d:/ymir work/npc/guard_leader/run.gr2	0
NPC/ymir work/npc/rice_cake_seller/rice_cake_seller.dds	d:/ymir work/npc/rice_cake_seller/rice_cake_seller.dds	1
NPC/ymir work/npc/guard_leader/wait.gr2	d:/ymir work/npc/guard_leader/wait.gr2	0
NPC/ymir work/npc/mirinae_brother/mirinae_brother.dds	d:/ymir work/npc/mirinae_brother/mirinae_brother.dds	1
NPC/ymir work/npc/guard_leader/wait_1.gr2	d:/ymir work/npc/guard_leader/wait_1.gr2	0
NPC/ymir work/npc/young_merchant/young_merchant.msm	d:/ymir work/npc/young_merchant/young_merchant.msm	2
NPC/ymir work/npc/guard_leader/walk.gr2	d:/ymir work/npc/guard_leader/walk.gr2	0
NPC/ymir work/npc/seal_stone/seal_stone.gr2	d:/ymir work/npc/seal_stone/seal_stone.gr2	0
NPC/ymir work/npc/guard_leader/walk.msa	d:/ymir work/npc/guard_leader/walk.msa	2
NPC/ymir work/npc/musician/motlist.txt	d:/ymir work/npc/musician/motlist.txt	2
NPC/ymir work/npc/horse/00.gr2	d:/ymir work/npc/horse/00.gr2	0
NPC/ymir work/npc/guild_war_flag/flag_red.msm	d:/ymir work/npc/guild_war_flag/flag_red.msm	2
NPC/ymir work/npc/hunter/motlist.txt	d:/ymir work/npc/hunter/motlist.txt	2
NPC/ymir work/npc/musician/die.gr2	d:/ymir work/npc/musician/die.gr2	0
NPC/ymir work/npc/horse2/30.msa	d:/ymir work/npc/horse2/30.msa	2
NPC/ymir work/npc/horse2/horse2_master.msm	d:/ymir work/npc/horse2/horse2_master.msm	2
NPC/ymir work/npc/guild_war_flag/flag_yellow.msm	d:/ymir work/npc/guild_war_flag/flag_yellow.msm	2
NPC/ymir work/npc/horse2/02.msa	d:/ymir work/npc/horse2/02.msa	2
NPC/ymir work/npc/stone_door/close_wait.gr2	d:/ymir work/npc/stone_door/close_wait.gr2	0
NPC/ymir work/npc/sinseon/00.gr2	d:/ymir work/npc/sinseon/00.gr2	0
NPC/ymir work/npc/guild_war_flag/motlist.txt	d:/ymir work/npc/guild_war_flag/motlist.txt	2
NPC/ymir work/npc/horse/00_1.gr2	d:/ymir work/npc/horse/00_1.gr2	0
NPC/ymir work/npc/jinno_patrol_bow/30.msa	d:/ymir work/npc/jinno_patrol_bow/30.msa	2
NPC/ymir work/npc/horse/00_1.msa	d:/ymir work/npc/horse/00_1.msa	2
NPC/ymir work/npc/jinno_patrol_bow/02.msa	d:/ymir work/npc/jinno_patrol_bow/02.msa	2
NPC/ymir work/npc/young_merchant/walk.gr2	d:/ymir work/npc/young_merchant/walk.gr2	0
NPC/ymir work/npc/horse/02.gr2	d:/ymir work/npc/horse/02.gr2	0
NPC/ymir work/npc/widow/walk.gr2	d:/ymir work/npc/widow/walk.gr2	0
NPC/ymir work/npc/horse/03.gr2	d:/ymir work/npc/horse/03.gr2	0
NPC/ymir work/npc/santa/dead.gr2	d:/ymir work/npc/santa/dead.gr2	0
NPC/ymir work/npc/horse2/02.gr2	d:/ymir work/npc/horse2/02.gr2	0
NPC/ymir work/npc/timid_boy/walk.gr2	d:/ymir work/npc/timid_boy/walk.gr2	0
NPC/ymir work/npc/horse/04.msa	d:/ymir work/npc/horse/04.msa	2
NPC/ymir work/npc/horse/20.gr2	d:/ymir work/npc/horse/20.gr2	0
NPC/ymir work/npc/horse/20.msa	d:/ymir work/npc/horse/20.msa	2
NPC/ymir work/npc/horse/20_1.gr2	d:/ymir work/npc/horse/20_1.gr2	0
NPC/ymir work/npc/hunter/run.msa	d:/ymir work/npc/hunter/run.msa	2
NPC/ymir work/npc/horse/20_1.msa	d:/ymir work/npc/horse/20_1.msa	2
NPC/ymir work/npc/horse/25.msa	d:/ymir work/npc/horse/25.msa	2
NPC/ymir work/npc/horse2/00.msa	d:/ymir work/npc/horse2/00.msa	2
NPC/ymir work/npc/horse/30.gr2	d:/ymir work/npc/horse/30.gr2	0
NPC/ymir work/npc/timid_boy/timid_boy.gr2	d:/ymir work/npc/timid_boy/timid_boy.gr2	0
NPC/ymir work/npc/horse/30.msa	d:/ymir work/npc/horse/30.msa	2
NPC/ymir work/npc/horse/31.gr2	d:/ymir work/npc/horse/31.gr2	0
NPC/ymir work/npc/mineral/amber.msm	d:/ymir work/npc/mineral/amber.msm	2
NPC/ymir work/npc/horse/33.gr2	d:/ymir work/npc/horse/33.gr2	0
NPC/ymir work/npc/jinno_patrol_spear/00.gr2	d:/ymir work/npc/jinno_patrol_spear/00.gr2	0
NPC/ymir work/npc/horse/horse_master01.dds	d:/ymir work/npc/horse/horse_master01.dds	1
NPC/ymir work/npc/horse2/03.msa	d:/ymir work/npc/horse2/03.msa	2
NPC/ymir work/npc/horse/horse_master_armor02.dds	d:/ymir work/npc/horse/horse_master_armor02.dds	1
NPC/ymir work/npc/horse/horse_member01.dds	d:/ymir work/npc/horse/horse_member01.dds	1
NPC/ymir work/npc/horse/horse_normal01.dds	d:/ymir work/npc/horse/horse_normal01.dds	1
NPC/ymir work/npc/old_pirate/wait.gr2	d:/ymir work/npc/old_pirate/wait.gr2	0
NPC/ymir work/npc/horse/horse_normal.gr2	d:/ymir work/npc/horse/horse_normal.gr2	0
NPC/ymir work/npc/horse/horse_normal_armor01.dds	d:/ymir work/npc/horse/horse_normal_armor01.dds	1
NPC/ymir work/npc/jinno_patrol_spear/03.gr2	d:/ymir work/npc/jinno_patrol_spear/03.gr2	0
NPC/ymir work/npc/horse/horse_stop.msa	d:/ymir work/npc/horse/horse_stop.msa	2
NPC/ymir work/npc/mineral/diamond.gr2	d:/ymir work/npc/mineral/diamond.gr2	0
NPC/ymir work/npc/horse/motlist.txt	d:/ymir work/npc/horse/motlist.txt	2
NPC/ymir work/npc/horse2/00.gr2	d:/ymir work/npc/horse2/00.gr2	0
NPC/ymir work/npc/horse2/00_1.gr2	d:/ymir work/npc/horse2/00_1.gr2	0
NPC/ymir work/npc/timid_boy/walk.msa	d:/ymir work/npc/timid_boy/walk.msa	2
NPC/ymir work/npc/horse2/00_1.msa	d:/ymir work/npc/horse2/00_1.msa	2
NPC/ymir work/npc/jinno_patrol_spear/33.msa	d:/ymir work/npc/jinno_patrol_spear/33.msa	2
NPC/ymir work/npc/horse2/00_2.gr2	d:/ymir work/npc/horse2/00_2.gr2	0
NPC/ymir work/npc/horse2/00_2.msa	d:/ymir work/npc/horse2/00_2.msa	2
NPC/ymir work/npc/hunter/hunter.dds	d:/ymir work/npc/hunter/hunter.dds	1
NPC/ymir work/npc/stone_door/stone_door.gr2	d:/ymir work/npc/stone_door/stone_door.gr2	0
NPC/ymir work/npc/horse2/04.gr2	d:/ymir work/npc/horse2/04.gr2	0
NPC/ymir work/npc/horse2/20.msa	d:/ymir work/npc/horse2/20.msa	2
NPC/ymir work/npc/musician/wait_1.msa	d:/ymir work/npc/musician/wait_1.msa	2
NPC/ymir work/npc/horse2/20_1.gr2	d:/ymir work/npc/horse2/20_1.gr2	0
NPC/ymir work/npc/horse2/30.gr2	d:/ymir work/npc/horse2/30.gr2	0
NPC/ymir work/npc/horse2/31.msa	d:/ymir work/npc/horse2/31.msa	2
NPC/ymir work/npc/musician/wait.gr2	d:/ymir work/npc/musician/wait.gr2	0
NPC/ymir work/npc/jinno_patrol_spear/30.gr2	d:/ymir work/npc/jinno_patrol_spear/30.gr2	0
NPC/ymir work/npc/pony/horse_normal01.dds	d:/ymir work/npc/pony/horse_normal01.dds	1
NPC/ymir work/npc/horse2/horse2_member.msm	d:/ymir work/npc/horse2/horse2_member.msm	2
NPC/ymir work/npc/sailor/wait.msa	d:/ymir work/npc/sailor/wait.msa	2
NPC/ymir work/npc/hotel_grandma/hotel_grandma.gr2	d:/ymir work/npc/hotel_grandma/hotel_grandma.gr2	0
NPC/ymir work/npc/mineral/jade.msm	d:/ymir work/npc/mineral/jade.msm	2
NPC/ymir work/npc/horse2/horse_master01.dds	d:/ymir work/npc/horse2/horse_master01.dds	1
NPC/ymir work/npc/sinsu_patrol_spear/00.gr2	d:/ymir work/npc/sinsu_patrol_spear/00.gr2	0
NPC/ymir work/npc/horse2/horse_master_armor02.dds	d:/ymir work/npc/horse2/horse_master_armor02.dds	1
NPC/ymir work/npc/horse2/motlist.txt	d:/ymir work/npc/horse2/motlist.txt	2
NPC/ymir work/npc/jinno_patrol_bow/35.msa	d:/ymir work/npc/jinno_patrol_bow/35.msa	2
NPC/ymir work/npc/mirinae_brother/mirinae_brother.gr2	d:/ymir work/npc/mirinae_brother/mirinae_brother.gr2	0
NPC/ymir work/npc/horse2/stop.gr2	d:/ymir work/npc/horse2/stop.gr2	0
NPC/ymir work/npc/mineral/jade.gr2	d:/ymir work/npc/mineral/jade.gr2	0
NPC/ymir work/npc/hotel_grandfa/hotel_grandfa.gr2	d:/ymir work/npc/hotel_grandfa/hotel_grandfa.gr2	0
NPC/ymir work/npc/hotel_grandfa/hotel_grandfa_hair.dds	d:/ymir work/npc/hotel_grandfa/hotel_grandfa_hair.dds	1
NPC/ymir work/npc/hotel_grandfa/wait.gr2	d:/ymir work/npc/hotel_grandfa/wait.gr2	0
NPC/ymir work/npc/hotel_grandma/hotel_grandma.dds	d:/ymir work/npc/hotel_grandma/hotel_grandma.dds	1
NPC/ymir work/npc/hotel_grandma/wait.msa	d:/ymir work/npc/hotel_grandma/wait.msa	2
NPC/ymir work/npc/old_pirate/old_pirate.dds	d:/ymir work/npc/old_pirate/old_pirate.dds	1
NPC/ymir work/npc/hunter/hunter.gr2	d:/ymir work/npc/hunter/hunter.gr2	0
NPC/ymir work/npc/hunter/hunter.msm	d:/ymir work/npc/hunter/hunter.msm	2
NPC/ymir work/npc/hunter/wait.msa	d:/ymir work/npc/hunter/wait.msa	2
NPC/ymir work/npc/jinno_patrol_spear/20_1.gr2	d:/ymir work/npc/jinno_patrol_spear/20_1.gr2	0
NPC/ymir work/npc/hunter/wait_1.gr2	d:/ymir work/npc/hunter/wait_1.gr2	0
NPC/ymir work/npc/hunter/walk.msa	d:/ymir work/npc/hunter/walk.msa	2
NPC/ymir work/npc/jinno_patrol_bow/00.gr2	d:/ymir work/npc/jinno_patrol_bow/00.gr2	0
NPC/ymir work/npc/tombstone1/tombstone1.gr2	d:/ymir work/npc/tombstone1/tombstone1.gr2	0
NPC/ymir work/npc/sinsu_patrol_spear/35.gr2	d:/ymir work/npc/sinsu_patrol_spear/35.gr2	0
NPC/ymir work/npc/mineral/copper.msm	d:/ymir work/npc/mineral/copper.msm	2
NPC/ymir work/npc/sailor/run.msa	d:/ymir work/npc/sailor/run.msa	2
NPC/ymir work/npc/jinno_patrol_bow/00.msa	d:/ymir work/npc/jinno_patrol_bow/00.msa	2
NPC/ymir work/npc/jinno_patrol_bow/02.gr2	d:/ymir work/npc/jinno_patrol_bow/02.gr2	0
NPC/ymir work/npc/warp/warp.gr2	d:/ymir work/npc/warp/warp.gr2	0
NPC/ymir work/npc/jinno_patrol_bow/03.gr2	d:/ymir work/npc/jinno_patrol_bow/03.gr2	0
NPC/ymir work/npc/peddler/run.msa	d:/ymir work/npc/peddler/run.msa	2
NPC/ymir work/npc/jinno_patrol_bow/03.msa	d:/ymir work/npc/jinno_patrol_bow/03.msa	2
NPC/ymir work/npc/jinno_patrol_bow/20.gr2	d:/ymir work/npc/jinno_patrol_bow/20.gr2	0
NPC/ymir work/npc/sinsu_patrol_bow/34.msa	d:/ymir work/npc/sinsu_patrol_bow/34.msa	2
NPC/ymir work/npc/jinno_patrol_bow/20.msa	d:/ymir work/npc/jinno_patrol_bow/20.msa	2
NPC/ymir work/npc/jinno_patrol_bow/30.gr2	d:/ymir work/npc/jinno_patrol_bow/30.gr2	0
NPC/ymir work/npc/jinno_patrol_bow/30_1.gr2	d:/ymir work/npc/jinno_patrol_bow/30_1.gr2	0
NPC/ymir work/npc/jinno_patrol_bow/30_1.msa	d:/ymir work/npc/jinno_patrol_bow/30_1.msa	2
NPC/ymir work/npc/mr_restaurant/walk.gr2	d:/ymir work/npc/mr_restaurant/walk.gr2	0
NPC/ymir work/npc/jinno_patrol_bow/31.gr2	d:/ymir work/npc/jinno_patrol_bow/31.gr2	0
NPC/ymir work/npc/jinno_patrol_bow/32.gr2	d:/ymir work/npc/jinno_patrol_bow/32.gr2	0
NPC/ymir work/npc/jinno_patrol_bow/37.msa	d:/ymir work/npc/jinno_patrol_bow/37.msa	2
NPC/ymir work/npc/pony/00_2.gr2	d:/ymir work/npc/pony/00_2.gr2	0
NPC/ymir work/npc/jinno_patrol_bow/32.msa	d:/ymir work/npc/jinno_patrol_bow/32.msa	2
NPC/ymir work/npc/jinno_patrol_bow/33.gr2	d:/ymir work/npc/jinno_patrol_bow/33.gr2	0
NPC/ymir work/npc/jinno_patrol_bow/34_1.gr2	d:/ymir work/npc/jinno_patrol_bow/34_1.gr2	0
NPC/ymir work/npc/wooden_door/open.msa	d:/ymir work/npc/wooden_door/open.msa	2
NPC/ymir work/npc/jinno_patrol_bow/35.gr2	d:/ymir work/npc/jinno_patrol_bow/35.gr2	0
NPC/ymir work/npc/timid_boy/wait_1.msa	d:/ymir work/npc/timid_boy/wait_1.msa	2
NPC/ymir work/npc/sinsu_patrol_bow/33.msa	d:/ymir work/npc/sinsu_patrol_bow/33.msa	2
NPC/ymir work/npc/jinno_patrol_bow/36.gr2	d:/ymir work/npc/jinno_patrol_bow/36.gr2	0
NPC/ymir work/npc/jinno_patrol_bow/36.msa	d:/ymir work/npc/jinno_patrol_bow/36.msa	2
NPC/ymir work/npc/santa/santa.dds	d:/ymir work/npc/santa/santa.dds	1
NPC/ymir work/npc/jinno_patrol_bow/jinno_patrol_bow.gr2	d:/ymir work/npc/jinno_patrol_bow/jinno_patrol_bow.gr2	0
NPC/ymir work/npc/jinno_patrol_spear/00.msa	d:/ymir work/npc/jinno_patrol_spear/00.msa	2
NPC/ymir work/npc/jinno_patrol_spear/02.gr2	d:/ymir work/npc/jinno_patrol_spear/02.gr2	0
NPC/ymir work/npc/jinno_patrol_spear/02.msa	d:/ymir work/npc/jinno_patrol_spear/02.msa	2
NPC/ymir work/npc/jinno_patrol_spear/03.msa	d:/ymir work/npc/jinno_patrol_spear/03.msa	2
NPC/ymir work/npc/jinno_patrol_spear/20.msa	d:/ymir work/npc/jinno_patrol_spear/20.msa	2
NPC/ymir work/npc/jinno_patrol_spear/20_1.msa	d:/ymir work/npc/jinno_patrol_spear/20_1.msa	2
NPC/ymir work/npc/timid_boy/run.gr2	d:/ymir work/npc/timid_boy/run.gr2	0
NPC/ymir work/npc/jinno_patrol_spear/30.msa	d:/ymir work/npc/jinno_patrol_spear/30.msa	2
NPC/ymir work/npc/jinno_patrol_spear/31.gr2	d:/ymir work/npc/jinno_patrol_spear/31.gr2	0
NPC/ymir work/npc/warp/motlist.txt	d:/ymir work/npc/warp/motlist.txt	2
NPC/ymir work/npc/jinno_patrol_spear/32.gr2	d:/ymir work/npc/jinno_patrol_spear/32.gr2	0
NPC/ymir work/npc/jinno_patrol_spear/32.msa	d:/ymir work/npc/jinno_patrol_spear/32.msa	2
NPC/ymir work/npc/jinno_patrol_spear/33.gr2	d:/ymir work/npc/jinno_patrol_spear/33.gr2	0
NPC/ymir work/npc/musician/run.gr2	d:/ymir work/npc/musician/run.gr2	0
NPC/ymir work/npc/jinno_patrol_spear/35.msa	d:/ymir work/npc/jinno_patrol_spear/35.msa	2
NPC/ymir work/npc/mirinae_brother/die.gr2	d:/ymir work/npc/mirinae_brother/die.gr2	0
NPC/ymir work/npc/jinno_patrol_spear/36.msa	d:/ymir work/npc/jinno_patrol_spear/36.msa	2
NPC/ymir work/npc/jinno_patrol_spear/37.msa	d:/ymir work/npc/jinno_patrol_spear/37.msa	2
NPC/ymir work/npc/jinno_patrol_spear/jinno_patrol_spear.gr2	d:/ymir work/npc/jinno_patrol_spear/jinno_patrol_spear.gr2	0
NPC/ymir work/npc/sinsu_patrol_bow/33.gr2	d:/ymir work/npc/sinsu_patrol_bow/33.gr2	0
NPC/ymir work/npc/sinseon/sinseon.gr2	d:/ymir work/npc/sinseon/sinseon.gr2	0
NPC/ymir work/npc/peddler/wait.msa	d:/ymir work/npc/peddler/wait.msa	2
NPC/ymir work/npc/jinno_patrol_spear/motlist.txt	d:/ymir work/npc/jinno_patrol_spear/motlist.txt	2
NPC/ymir work/npc/mineral/amber.gr2	d:/ymir work/npc/mineral/amber.gr2	0
NPC/ymir work/npc/mineral/amethyst.msm	d:/ymir work/npc/mineral/amethyst.msm	2
NPC/ymir work/npc/mineral/chunru.gr2	d:/ymir work/npc/mineral/chunru.gr2	0
NPC/ymir work/npc/sinsu_patrol_spear/30_1.msa	d:/ymir work/npc/sinsu_patrol_spear/30_1.msa	2
NPC/ymir work/npc/mineral/chunru.msm	d:/ymir work/npc/mineral/chunru.msm	2
NPC/ymir work/npc/mineral/copper.gr2	d:/ymir work/npc/mineral/copper.gr2	0
NPC/ymir work/npc/mineral/ebony.gr2	d:/ymir work/npc/mineral/ebony.gr2	0
NPC/ymir work/npc/mineral/fossil_tree.gr2	d:/ymir work/npc/mineral/fossil_tree.gr2	0
NPC/ymir work/npc/mineral/gold.msm	d:/ymir work/npc/mineral/gold.msm	2
NPC/ymir work/npc/young_merchant/young_merahcnt.dds	d:/ymir work/npc/young_merchant/young_merahcnt.dds	1
NPC/ymir work/npc/mineral/motlist.txt	d:/ymir work/npc/mineral/motlist.txt	2
NPC/ymir work/npc/mineral/ore_base_01.dds	d:/ymir work/npc/mineral/ore_base_01.dds	1
NPC/ymir work/npc/mr_restaurant/wait.msa	d:/ymir work/npc/mr_restaurant/wait.msa	2
NPC/ymir work/npc/mineral/quartz.gr2	d:/ymir work/npc/mineral/quartz.gr2	0
NPC/ymir work/npc/mineral/wait.gr2	d:/ymir work/npc/mineral/wait.gr2	0
NPC/ymir work/npc/sailor/run.gr2	d:/ymir work/npc/sailor/run.gr2	0
NPC/ymir work/npc/mineral/wait.msa	d:/ymir work/npc/mineral/wait.msa	2
NPC/ymir work/npc/mineral/white_gold.msm	d:/ymir work/npc/mineral/white_gold.msm	2
NPC/ymir work/npc/mirinae_brother/die.msa	d:/ymir work/npc/mirinae_brother/die.msa	2
NPC/ymir work/npc/plant_researcher/plant_researcher.gr2	d:/ymir work/npc/plant_researcher/plant_researcher.gr2	0
NPC/ymir work/npc/mirinae_brother/mirinae_brother.msm	d:/ymir work/npc/mirinae_brother/mirinae_brother.msm	2
NPC/ymir work/npc/santa/damage.msa	d:/ymir work/npc/santa/damage.msa	2
NPC/ymir work/npc/pony/00_1.gr2	d:/ymir work/npc/pony/00_1.gr2	0
NPC/ymir work/npc/mr_restaurant/die.msa	d:/ymir work/npc/mr_restaurant/die.msa	2
NPC/ymir work/npc/mr_restaurant/motlist.txt	d:/ymir work/npc/mr_restaurant/motlist.txt	2
NPC/ymir work/npc/mr_restaurant/mr_restaurant.gr2	d:/ymir work/npc/mr_restaurant/mr_restaurant.gr2	0
NPC/ymir work/npc/sinsu_patrol_bow/35.msa	d:/ymir work/npc/sinsu_patrol_bow/35.msa	2
NPC/ymir work/npc/mr_restaurant/run.gr2	d:/ymir work/npc/mr_restaurant/run.gr2	0
NPC/ymir work/npc/woodcutter/wait.msa	d:/ymir work/npc/woodcutter/wait.msa	2
NPC/ymir work/npc/peddler/peddler.gr2	d:/ymir work/npc/peddler/peddler.gr2	0
NPC/ymir work/npc/mr_restaurant/run.msa	d:/ymir work/npc/mr_restaurant/run.msa	2
NPC/ymir work/npc/mr_restaurant/wait_1.gr2	d:/ymir work/npc/mr_restaurant/wait_1.gr2	0
NPC/ymir work/npc/mr_restaurant/wait_1.msa	d:/ymir work/npc/mr_restaurant/wait_1.msa	2
NPC/ymir work/npc/mr_restaurant/wait_2.gr2	d:/ymir work/npc/mr_restaurant/wait_2.gr2	0
NPC/ymir work/npc/musician/musician.gr2	d:/ymir work/npc/musician/musician.gr2	0
NPC/ymir work/npc/stone_door/close_wait.msa	d:/ymir work/npc/stone_door/close_wait.msa	2
NPC/ymir work/npc/musician/run.msa	d:/ymir work/npc/musician/run.msa	2
NPC/ymir work/npc/oldster/wait_1.gr2	d:/ymir work/npc/oldster/wait_1.gr2	0
NPC/ymir work/npc/musician/wait.msa	d:/ymir work/npc/musician/wait.msa	2
NPC/ymir work/npc/musician/walk.msa	d:/ymir work/npc/musician/walk.msa	2
NPC/ymir work/npc/sinsu_patrol_spear/36.msa	d:/ymir work/npc/sinsu_patrol_spear/36.msa	2
NPC/ymir work/npc/peddler/run.gr2	d:/ymir work/npc/peddler/run.gr2	0
NPC/ymir work/npc/musician/yu_hwan.dds	d:/ymir work/npc/musician/yu_hwan.dds	1
NPC/ymir work/npc/oldster/bird.dds	d:/ymir work/npc/oldster/bird.dds	1
NPC/ymir work/npc/oldster/die.msa	d:/ymir work/npc/oldster/die.msa	2
NPC/ymir work/npc/oldster/motlist.txt	d:/ymir work/npc/oldster/motlist.txt	2
NPC/ymir work/npc/oldster/oldster.dds	d:/ymir work/npc/oldster/oldster.dds	1
NPC/ymir work/npc/oldster/oldster.gr2	d:/ymir work/npc/oldster/oldster.gr2	0
NPC/ymir work/npc/warp/wait.msa	d:/ymir work/npc/warp/wait.msa	2
NPC/ymir work/npc/sinsu_patrol_bow/35.gr2	d:/ymir work/npc/sinsu_patrol_bow/35.gr2	0
NPC/ymir work/npc/oldster/oldster.msm	d:/ymir work/npc/oldster/oldster.msm	2
NPC/ymir work/npc/oldster/run.gr2	d:/ymir work/npc/oldster/run.gr2	0
NPC/ymir work/npc/pony/motlist.txt	d:/ymir work/npc/pony/motlist.txt	2
NPC/ymir work/npc/oldster/run.msa	d:/ymir work/npc/oldster/run.msa	2
NPC/ymir work/npc/oldster/wait.gr2	d:/ymir work/npc/oldster/wait.gr2	0
NPC/ymir work/npc/oldster/wait.msa	d:/ymir work/npc/oldster/wait.msa	2
NPC/ymir work/npc/old_pirate/die.gr2	d:/ymir work/npc/old_pirate/die.gr2	0
NPC/ymir work/npc/sailor/die.msa	d:/ymir work/npc/sailor/die.msa	2
NPC/ymir work/npc/old_pirate/die.msa	d:/ymir work/npc/old_pirate/die.msa	2
NPC/ymir work/npc/sinsu_patrol_spear/sinsu_patrol_spear.dds	d:/ymir work/npc/sinsu_patrol_spear/sinsu_patrol_spear.dds	1
NPC/ymir work/npc/old_pirate/motlist.txt	d:/ymir work/npc/old_pirate/motlist.txt	2
NPC/ymir work/npc/old_pirate/old_pirate.gr2	d:/ymir work/npc/old_pirate/old_pirate.gr2	0
NPC/ymir work/npc/sinsu_patrol_spear/02.msa	d:/ymir work/npc/sinsu_patrol_spear/02.msa	2
NPC/ymir work/npc/old_pirate/run.gr2	d:/ymir work/npc/old_pirate/run.gr2	0
NPC/ymir work/npc/old_pirate/wait.msa	d:/ymir work/npc/old_pirate/wait.msa	2
NPC/ymir work/npc/old_pirate/wait_1.msa	d:/ymir work/npc/old_pirate/wait_1.msa	2
NPC/ymir work/npc/peddler/motlist.txt	d:/ymir work/npc/peddler/motlist.txt	2
NPC/ymir work/npc/santa/run.gr2	d:/ymir work/npc/santa/run.gr2	0
NPC/ymir work/npc/peddler/peddler.dds	d:/ymir work/npc/peddler/peddler.dds	1
NPC/ymir work/npc/peddler/peddler.msm	d:/ymir work/npc/peddler/peddler.msm	2
NPC/ymir work/npc/peddler/wait.gr2	d:/ymir work/npc/peddler/wait.gr2	0
NPC/ymir work/npc/peddler/wait_1.msa	d:/ymir work/npc/peddler/wait_1.msa	2
NPC/ymir work/npc/timid_boy/wait.msa	d:/ymir work/npc/timid_boy/wait.msa	2
NPC/ymir work/npc/peddler/walk.gr2	d:/ymir work/npc/peddler/walk.gr2	0
NPC/ymir work/npc/peddler/walk.msa	d:/ymir work/npc/peddler/walk.msa	2
NPC/ymir work/npc/plant_researcher/die.gr2	d:/ymir work/npc/plant_researcher/die.gr2	0
NPC/ymir work/npc/timid_boy/wait_1.gr2	d:/ymir work/npc/timid_boy/wait_1.gr2	0
NPC/ymir work/npc/sinsu_patrol_spear/30.msa	d:/ymir work/npc/sinsu_patrol_spear/30.msa	2
NPC/ymir work/npc/plant_researcher/die.msa	d:/ymir work/npc/plant_researcher/die.msa	2
NPC/ymir work/npc/plant_researcher/plant_researcher.dds	d:/ymir work/npc/plant_researcher/plant_researcher.dds	1
NPC/ymir work/npc/plant_researcher/plant_researcher.msm	d:/ymir work/npc/plant_researcher/plant_researcher.msm	2
NPC/ymir work/npc/plant_researcher/run.msa	d:/ymir work/npc/plant_researcher/run.msa	2
NPC/ymir work/npc/plant_researcher/wait_1.gr2	d:/ymir work/npc/plant_researcher/wait_1.gr2	0
NPC/ymir work/npc/plant_researcher/wait_1.msa	d:/ymir work/npc/plant_researcher/wait_1.msa	2
NPC/ymir work/npc/plant_researcher/walk.gr2	d:/ymir work/npc/plant_researcher/walk.gr2	0
NPC/ymir work/npc/plant_researcher/walk.msa	d:/ymir work/npc/plant_researcher/walk.msa	2
NPC/ymir work/npc/pony/00_2.msa	d:/ymir work/npc/pony/00_2.msa	2
NPC/ymir work/npc/sinsu_patrol_spear/sinsu_patrol_spear.msm	d:/ymir work/npc/sinsu_patrol_spear/sinsu_patrol_spear.msm	2
NPC/ymir work/npc/pony/02.gr2	d:/ymir work/npc/pony/02.gr2	0
NPC/ymir work/npc/santa/wait.msa	d:/ymir work/npc/santa/wait.msa	2
NPC/ymir work/npc/pony/02.msa	d:/ymir work/npc/pony/02.msa	2
NPC/ymir work/npc/pony/03.gr2	d:/ymir work/npc/pony/03.gr2	0
NPC/ymir work/npc/pony/04.gr2	d:/ymir work/npc/pony/04.gr2	0
NPC/ymir work/npc/pony/04.msa	d:/ymir work/npc/pony/04.msa	2
NPC/ymir work/npc/pony/20.gr2	d:/ymir work/npc/pony/20.gr2	0
NPC/ymir work/npc/pony/20_1.gr2	d:/ymir work/npc/pony/20_1.gr2	0
NPC/ymir work/npc/pony/20_1.msa	d:/ymir work/npc/pony/20_1.msa	2
NPC/ymir work/npc/widow/wait.gr2	d:/ymir work/npc/widow/wait.gr2	0
NPC/ymir work/npc/pony/25.msa	d:/ymir work/npc/pony/25.msa	2
NPC/ymir work/npc/pony/30.msa	d:/ymir work/npc/pony/30.msa	2
NPC/ymir work/npc/pony/31.gr2	d:/ymir work/npc/pony/31.gr2	0
NPC/ymir work/npc/pony/31.msa	d:/ymir work/npc/pony/31.msa	2
NPC/ymir work/npc/pony/33.gr2	d:/ymir work/npc/pony/33.gr2	0
NPC/ymir work/npc/pony/horse_master01.dds	d:/ymir work/npc/pony/horse_master01.dds	1
NPC/ymir work/npc/pony/horse_member01.dds	d:/ymir work/npc/pony/horse_member01.dds	1
NPC/ymir work/npc/pony/horse_stop.msa	d:/ymir work/npc/pony/horse_stop.msa	2
NPC/ymir work/npc/pony/pony.gr2	d:/ymir work/npc/pony/pony.gr2	0
NPC/ymir work/npc/tombstone1/00.msa	d:/ymir work/npc/tombstone1/00.msa	2
NPC/ymir work/npc/pony/pony_master.msm	d:/ymir work/npc/pony/pony_master.msm	2
NPC/ymir work/npc/pony/pony_member.msm	d:/ymir work/npc/pony/pony_member.msm	2
NPC/ymir work/npc/stone_door/stone_door.msm	d:/ymir work/npc/stone_door/stone_door.msm	2
NPC/ymir work/npc/pony/stop.gr2	d:/ymir work/npc/pony/stop.gr2	0
NPC/ymir work/npc/rice_cake_seller/die.msa	d:/ymir work/npc/rice_cake_seller/die.msa	2
NPC/ymir work/npc/rice_cake_seller/rice_cake_seller.gr2	d:/ymir work/npc/rice_cake_seller/rice_cake_seller.gr2	0
NPC/ymir work/npc/rice_cake_seller/rice_cake_seller.msm	d:/ymir work/npc/rice_cake_seller/rice_cake_seller.msm	2
NPC/ymir work/npc/sinsu_patrol_spear/37.msa	d:/ymir work/npc/sinsu_patrol_spear/37.msa	2
NPC/ymir work/npc/rice_cake_seller/run.msa	d:/ymir work/npc/rice_cake_seller/run.msa	2
NPC/ymir work/npc/rice_cake_seller/wait.gr2	d:/ymir work/npc/rice_cake_seller/wait.gr2	0
NPC/ymir work/npc/rice_cake_seller/wait.msa	d:/ymir work/npc/rice_cake_seller/wait.msa	2
NPC/ymir work/npc/santa/wait_1.gr2	d:/ymir work/npc/santa/wait_1.gr2	0
NPC/ymir work/npc/rice_cake_seller/walk.msa	d:/ymir work/npc/rice_cake_seller/walk.msa	2
NPC/ymir work/npc/sailor/motlist.txt	d:/ymir work/npc/sailor/motlist.txt	2
NPC/ymir work/npc/sailor/sailor.dds	d:/ymir work/npc/sailor/sailor.dds	1
NPC/ymir work/npc/wooden_door/close_wait.msa	d:/ymir work/npc/wooden_door/close_wait.msa	2
NPC/ymir work/npc/sailor/sailor.msm	d:/ymir work/npc/sailor/sailor.msm	2
NPC/ymir work/npc/sailor/walk.gr2	d:/ymir work/npc/sailor/walk.gr2	0
NPC/ymir work/npc/sinsu_patrol_bow/00.gr2	d:/ymir work/npc/sinsu_patrol_bow/00.gr2	0
NPC/ymir work/npc/santa/run.msa	d:/ymir work/npc/santa/run.msa	2
NPC/ymir work/npc/santa/santa.gr2	d:/ymir work/npc/santa/santa.gr2	0
NPC/ymir work/npc/santa/special.gr2	d:/ymir work/npc/santa/special.gr2	0
NPC/ymir work/npc/santa/special.msa	d:/ymir work/npc/santa/special.msa	2
NPC/ymir work/npc/santa/walk.gr2	d:/ymir work/npc/santa/walk.gr2	0
NPC/ymir work/npc/santa/walk.msa	d:/ymir work/npc/santa/walk.msa	2
NPC/ymir work/npc/seal_stone/seal_stone.mdatr	d:/ymir work/npc/seal_stone/seal_stone.mdatr	0
NPC/ymir work/npc/seal_stone/seal_stone.msm	d:/ymir work/npc/seal_stone/seal_stone.msm	2
NPC/ymir work/npc/seal_stone/wait.msa	d:/ymir work/npc/seal_stone/wait.msa	2
NPC/ymir work/npc/sinseon/00.msa	d:/ymir work/npc/sinseon/00.msa	2
NPC/ymir work/npc/sinseon/00_1.msa	d:/ymir work/npc/sinseon/00_1.msa	2
NPC/ymir work/npc/sinseon/sinseon	d:/ymir work/npc/sinseon/sinseon	0
NPC/ymir work/npc/sinseon/sinseon.dds	d:/ymir work/npc/sinseon/sinseon.dds	1
NPC/ymir work/npc/sinsu_patrol_bow/00_1.gr2	d:/ymir work/npc/sinsu_patrol_bow/00_1.gr2	0
NPC/ymir work/npc/sinsu_patrol_spear/34.gr2	d:/ymir work/npc/sinsu_patrol_spear/34.gr2	0
NPC/ymir work/npc/sinsu_patrol_spear/30_1.gr2	d:/ymir work/npc/sinsu_patrol_spear/30_1.gr2	0
NPC/ymir work/npc/sinsu_patrol_bow/00_1.msa	d:/ymir work/npc/sinsu_patrol_bow/00_1.msa	2
NPC/ymir work/npc/sinsu_patrol_bow/02.gr2	d:/ymir work/npc/sinsu_patrol_bow/02.gr2	0
NPC/ymir work/npc/sinsu_patrol_bow/02.msa	d:/ymir work/npc/sinsu_patrol_bow/02.msa	2
NPC/ymir work/npc/sinsu_patrol_bow/03.gr2	d:/ymir work/npc/sinsu_patrol_bow/03.gr2	0
NPC/ymir work/npc/sinsu_patrol_bow/20.gr2	d:/ymir work/npc/sinsu_patrol_bow/20.gr2	0
NPC/ymir work/npc/sinsu_patrol_bow/30.msa	d:/ymir work/npc/sinsu_patrol_bow/30.msa	2
NPC/ymir work/npc/sinsu_patrol_bow/30_1.gr2	d:/ymir work/npc/sinsu_patrol_bow/30_1.gr2	0
NPC/ymir work/npc/sinsu_patrol_bow/30_1.msa	d:/ymir work/npc/sinsu_patrol_bow/30_1.msa	2
NPC/ymir work/npc/wooden_door/motlist.txt	d:/ymir work/npc/wooden_door/motlist.txt	2
NPC/ymir work/npc/sinsu_patrol_bow/31.gr2	d:/ymir work/npc/sinsu_patrol_bow/31.gr2	0
NPC/ymir work/npc/sinsu_patrol_bow/31.msa	d:/ymir work/npc/sinsu_patrol_bow/31.msa	2
NPC/ymir work/npc/sinsu_patrol_bow/34_1.gr2	d:/ymir work/npc/sinsu_patrol_bow/34_1.gr2	0
NPC/ymir work/npc/sinsu_patrol_bow/34_1.msa	d:/ymir work/npc/sinsu_patrol_bow/34_1.msa	2
NPC/ymir work/npc/sinsu_patrol_bow/36.gr2	d:/ymir work/npc/sinsu_patrol_bow/36.gr2	0
NPC/ymir work/npc/sinsu_patrol_bow/36.msa	d:/ymir work/npc/sinsu_patrol_bow/36.msa	2
NPC/ymir work/npc/sinsu_patrol_bow/motlist.txt	d:/ymir work/npc/sinsu_patrol_bow/motlist.txt	2
NPC/ymir work/npc/sinsu_patrol_bow/sinsu_patrol_bow.dds	d:/ymir work/npc/sinsu_patrol_bow/sinsu_patrol_bow.dds	1
NPC/ymir work/npc/sinsu_patrol_bow/sinsu_patrol_bow.gr2	d:/ymir work/npc/sinsu_patrol_bow/sinsu_patrol_bow.gr2	0
NPC/ymir work/npc/sinsu_patrol_bow/sinsu_patrol_bow.msm	d:/ymir work/npc/sinsu_patrol_bow/sinsu_patrol_bow.msm	2
NPC/ymir work/npc/sinsu_patrol_spear/00.msa	d:/ymir work/npc/sinsu_patrol_spear/00.msa	2
NPC/ymir work/npc/warp/wait.gr2	d:/ymir work/npc/warp/wait.gr2	0
NPC/ymir work/npc/sinsu_patrol_spear/00_1.gr2	d:/ymir work/npc/sinsu_patrol_spear/00_1.gr2	0
NPC/ymir work/npc/sinsu_patrol_spear/00_1.msa	d:/ymir work/npc/sinsu_patrol_spear/00_1.msa	2
NPC/ymir work/npc/sinsu_patrol_spear/02.gr2	d:/ymir work/npc/sinsu_patrol_spear/02.gr2	0
NPC/ymir work/npc/sinsu_patrol_spear/03.gr2	d:/ymir work/npc/sinsu_patrol_spear/03.gr2	0
NPC/ymir work/npc/woodcutter/motlist.txt	d:/ymir work/npc/woodcutter/motlist.txt	2
NPC/ymir work/npc/sinsu_patrol_spear/20.gr2	d:/ymir work/npc/sinsu_patrol_spear/20.gr2	0
NPC/ymir work/npc/sinsu_patrol_spear/20_1.gr2	d:/ymir work/npc/sinsu_patrol_spear/20_1.gr2	0
NPC/ymir work/npc/sinsu_patrol_spear/20_1.msa	d:/ymir work/npc/sinsu_patrol_spear/20_1.msa	2
NPC/ymir work/npc/sinsu_patrol_spear/30.gr2	d:/ymir work/npc/sinsu_patrol_spear/30.gr2	0
NPC/ymir work/npc/sinsu_patrol_spear/31.gr2	d:/ymir work/npc/sinsu_patrol_spear/31.gr2	0
NPC/ymir work/npc/sinsu_patrol_spear/31.msa	d:/ymir work/npc/sinsu_patrol_spear/31.msa	2
NPC/ymir work/npc/sinsu_patrol_spear/32.msa	d:/ymir work/npc/sinsu_patrol_spear/32.msa	2
NPC/ymir work/npc/sinsu_patrol_spear/33.gr2	d:/ymir work/npc/sinsu_patrol_spear/33.gr2	0
NPC/ymir work/npc/sinsu_patrol_spear/34.msa	d:/ymir work/npc/sinsu_patrol_spear/34.msa	2
NPC/ymir work/npc/sinsu_patrol_spear/34_1.gr2	d:/ymir work/npc/sinsu_patrol_spear/34_1.gr2	0
NPC/ymir work/npc/sinsu_patrol_spear/35.msa	d:/ymir work/npc/sinsu_patrol_spear/35.msa	2
NPC/ymir work/npc/sinsu_patrol_spear/36.gr2	d:/ymir work/npc/sinsu_patrol_spear/36.gr2	0
NPC/ymir work/npc/sinsu_patrol_spear/sinsu_patrol_spear.gr2	d:/ymir work/npc/sinsu_patrol_spear/sinsu_patrol_spear.gr2	0
NPC/ymir work/npc/stone_door/close.gr2	d:/ymir work/npc/stone_door/close.gr2	0
NPC/ymir work/npc/stone_door/close.msa	d:/ymir work/npc/stone_door/close.msa	2
NPC/ymir work/npc/stone_door/motlist.txt	d:/ymir work/npc/stone_door/motlist.txt	2
NPC/ymir work/npc/stone_door/open.gr2	d:/ymir work/npc/stone_door/open.gr2	0
NPC/ymir work/npc/stone_door/open.msa	d:/ymir work/npc/stone_door/open.msa	2
NPC/ymir work/npc/timid_boy/die.gr2	d:/ymir work/npc/timid_boy/die.gr2	0
NPC/ymir work/npc/timid_boy/die.msa	d:/ymir work/npc/timid_boy/die.msa	2
NPC/ymir work/npc/timid_boy/motlist.txt	d:/ymir work/npc/timid_boy/motlist.txt	2
NPC/ymir work/npc/timid_boy/timid_boy.dds	d:/ymir work/npc/timid_boy/timid_boy.dds	1
NPC/ymir work/npc/tombstone/00.msa	d:/ymir work/npc/tombstone/00.msa	2
NPC/ymir work/npc/tombstone/tombstone.gr2	d:/ymir work/npc/tombstone/tombstone.gr2	0
NPC/ymir work/npc/tombstone/tombstone.msm	d:/ymir work/npc/tombstone/tombstone.msm	2
NPC/ymir work/npc/warp/warp.msm	d:/ymir work/npc/warp/warp.msm	2
NPC/ymir work/npc/widow/run.gr2	d:/ymir work/npc/widow/run.gr2	0
NPC/ymir work/npc/widow/wait.msa	d:/ymir work/npc/widow/wait.msa	2
NPC/ymir work/npc/widow/widow.dds	d:/ymir work/npc/widow/widow.dds	1
NPC/ymir work/npc/widow/widow.msm	d:/ymir work/npc/widow/widow.msm	2
NPC/ymir work/npc/woodcutter/die.gr2	d:/ymir work/npc/woodcutter/die.gr2	0
NPC/ymir work/npc/woodcutter/die.msa	d:/ymir work/npc/woodcutter/die.msa	2
NPC/ymir work/npc/woodcutter/run.msa	d:/ymir work/npc/woodcutter/run.msa	2
NPC/ymir work/npc/woodcutter/wait.gr2	d:/ymir work/npc/woodcutter/wait.gr2	0
NPC/ymir work/npc/woodcutter/wait_1.msa	d:/ymir work/npc/woodcutter/wait_1.msa	2
NPC/ymir work/npc/young_merchant/die.msa	d:/ymir work/npc/young_merchant/die.msa	2
NPC/ymir work/npc/woodcutter/wait_2.gr2	d:/ymir work/npc/woodcutter/wait_2.gr2	0
NPC/ymir work/npc/woodcutter/wait_2.msa	d:/ymir work/npc/woodcutter/wait_2.msa	2
NPC/ymir work/npc/woodcutter/woodcutter.dds	d:/ymir work/npc/woodcutter/woodcutter.dds	1
NPC/ymir work/npc/woodcutter/woodcutter.gr2	d:/ymir work/npc/woodcutter/woodcutter.gr2	0
NPC/ymir work/npc/woodcutter/woodcutter.msm	d:/ymir work/npc/woodcutter/woodcutter.msm	2
NPC/ymir work/npc/wooden_door/close_wait.gr2	d:/ymir work/npc/wooden_door/close_wait.gr2	0
NPC/ymir work/npc/yu_hwa_rang/yu_hwa_rang.msm	d:/ymir work/npc/yu_hwa_rang/yu_hwa_rang.msm	2
NPC/ymir work/npc/young_merchant/die.gr2	d:/ymir work/npc/young_merchant/die.gr2	0
NPC/ymir work/npc/young_merchant/motlist.txt	d:/ymir work/npc/young_merchant/motlist.txt	2
NPC/ymir work/npc/young_merchant/run.msa	d:/ymir work/npc/young_merchant/run.msa	2
NPC/ymir work/npc/young_merchant/wait.gr2	d:/ymir work/npc/young_merchant/wait.gr2	0
NPC/ymir work/npc/young_merchant/wait.msa	d:/ymir work/npc/young_merchant/wait.msa	2
NPC/ymir work/npc/young_merchant/walk.msa	d:/ymir work/npc/young_merchant/walk.msa	2
NPC/ymir work/npc/yu_hwa_rang/die.msa	d:/ymir work/npc/yu_hwa_rang/die.msa	2
NPC/ymir work/npc/yu_hwa_rang/motlist.txt	d:/ymir work/npc/yu_hwa_rang/motlist.txt	2
NPC/ymir work/npc/yu_hwa_rang/run.gr2	d:/ymir work/npc/yu_hwa_rang/run.gr2	0
NPC/ymir work/npc/yu_hwa_rang/run.msa	d:/ymir work/npc/yu_hwa_rang/run.msa	2
NPC/ymir work/npc/yu_hwa_rang/walk.gr2	d:/ymir work/npc/yu_hwa_rang/walk.gr2	0
NPC/ymir work/npc/yu_hwa_rang/walk.msa	d:/ymir work/npc/yu_hwa_rang/walk.msa	2
NPC/ymir work/npc/yu_hwa_rang/yu_hwa_rang.dds	d:/ymir work/npc/yu_hwa_rang/yu_hwa_rang.dds	1
NPC/ymir work/npc/yu_hwa_rang/yu_hwa_rang.gr2	d:/ymir work/npc/yu_hwa_rang/yu_hwa_rang.gr2	0
