root/shaman_w.msm	shaman_w.msm	1
root/introempire.py	introempire.py	1
root/colorinfo.py	colorinfo.py	1
root/interfacemodule.py	interfacemodule.py	1
root/consolemodule.py	consolemodule.py	1
root/20110915_ymir_item_proto	20110915_ymir_item_proto	1
root/936mob_proto	936mob_proto	1
root/exception.py	exception.py	1
root/uiofflineshopbuilder.py	uiofflineshopbuilder.py	1
root/debuginfo.py	debuginfo.py	1
root/936skilltable.txt	936skilltable.txt	1
root/musicinfo.py	musicinfo.py	1
root/936skilldesc.txt	936skilldesc.txt	1
root/assassin_m.msm	assassin_m.msm	1
root/uirefine.py	uirefine.py	1
root/assassin_w.msm	assassin_w.msm	1
root/grpblk.txt	grpblk.txt	1
root/atlasinfo.txt	atlasinfo.txt	1
root/mousemodule.py	mousemodule.py	1
root/uichat.py	uichat.py	1
root/constinfo.py	constinfo.py	1
root/dragon_soul_refine_settings.py	dragon_soul_refine_settings.py	1
root/uicandidate.py	uicandidate.py	1
root/uiaffectshower_old.py	uiaffectshower_old.py	1
root/emotion.py	emotion.py	1
root/serverinfo.py	serverinfo.py	1
root/uicharacter.py	uicharacter.py	1
root/uiauction.py	uiauction.py	1
root/game.py	game.py	1
root/introcreate.py	introcreate.py	1
root/system.py	system.py	1
root/introloading.py	introloading.py	1
root/offlineshopitemprice.py	offlineshopitemprice.py	1
root/intrologin.py	intrologin.py	1
root/uieventcalendar.py	uieventcalendar.py	1
root/intrologo.py	intrologo.py	1
root/introselect.py	introselect.py	1
root/localeinfo.py	localeinfo.py	1
root/uiex.py	uiex.py	1
root/servercommandparser.py	servercommandparser.py	1
root/makepackscript_onlyrootnopython.txt	makepackscript_onlyrootnopython.txt	1
root/networkmodule.py	networkmodule.py	1
root/playersettingmodule.py	playersettingmodule.py	1
root/npclist.txt	npclist.txt	1
root/uidragonsoul.py	uidragonsoul.py	1
root/prototype.py	prototype.py	1
root/uiequipmentdialog.py	uiequipmentdialog.py	1
root/race_height.txt	race_height.txt	1
root/resizeexpr.py	resizeexpr.py	1
root/uiaffectshower.py	uiaffectshower.py	1
root/rootlibcythonizer.py	rootlibcythonizer.py	1
root/shaman_m.msm	shaman_m.msm	1
root/uigameoption.py	uigameoption.py	1
root/warrior_w.msm	warrior_w.msm	1
root/stringcommander.py	stringcommander.py	1
root/sura_m.msm	sura_m.msm	1
root/sura_w.msm	sura_w.msm	1
root/test_affect.py	test_affect.py	1
root/ui.py	ui.py	1
root/uiadvancedgameoptions.py	uiadvancedgameoptions.py	1
root/uiattachmetin.py	uiattachmetin.py	1
root/uiautoban.py	uiautoban.py	1
root/uicommon.py	uicommon.py	1
root/uicube.py	uicube.py	1
root/uiexchange.py	uiexchange.py	1
root/uifarmsession.py	uifarmsession.py	1
root/uigamebutton.py	uigamebutton.py	1
root/uiguild.py	uiguild.py	1
root/uihelp.py	uihelp.py	1
root/uiinventory.py	uiinventory.py	1
root/uimapnameshower.py	uimapnameshower.py	1
root/uimessenger.py	uimessenger.py	1
root/uiplayergauge.py	uiplayergauge.py	1
root/uiminimap.py	uiminimap.py	1
root/uimission.py	uimission.py	1
root/uiofflineshop.py	uiofflineshop.py	1
root/uipointreset.py	uipointreset.py	1
root/uioption.py	uioption.py	1
root/uiparty.py	uiparty.py	1
root/uiphasecurtain.py	uiphasecurtain.py	1
root/uipickmoney.py	uipickmoney.py	1
root/uipickupfilter.py	uipickupfilter.py	1
root/uiprivateshopbuilder.py	uiprivateshopbuilder.py	1
root/uiprivateshopsearch.py	uiprivateshopsearch.py	1
root/uiquest.py	uiquest.py	1
root/uiwarpshower.py	uiwarpshower.py	1
root/uirestart.py	uirestart.py	1
root/uisafebox.py	uisafebox.py	1
root/uiscriptlocale.py	uiscriptlocale.py	1
root/uiselectcredentials.py	uiselectcredentials.py	1
root/uiselectitem.py	uiselectitem.py	1
root/uiselectmusic.py	uiselectmusic.py	1
root/uishop.py	uishop.py	1
root/uiswitchbot.py	uiswitchbot.py	1
root/uisystem.py	uisystem.py	1
root/uitarget - copy.py	uitarget - copy.py	1
root/uisystemoption.py	uisystemoption.py	1
root/uitarget.py	uitarget.py	1
root/uitaskbar.py	uitaskbar.py	1
root/uitip.py	uitip.py	1
root/uitooltip.py	uitooltip.py	1
root/uiuploadmark.py	uiuploadmark.py	1
root/uiweb.py	uiweb.py	1
root/uiwhisper.py	uiwhisper.py	1
root/utils.py	utils.py	1
root/warrior_m.msm	warrior_m.msm	1
root/uimaintenance.py	uimaintenance.py	1
root/animations_maintenance/pc_1.tga	animations_maintenance/pc_1.tga	1
root/animations_maintenance/pc_2.tga	animations_maintenance/pc_2.tga	1
root/animations_maintenance/pc_3.tga	animations_maintenance/pc_3.tga	1
root/animations_maintenance/pc_4.tga	animations_maintenance/pc_4.tga	1
root/__pycache__/uiprivateshopsearch.cpython-313.pyc	__pycache__/uiprivateshopsearch.cpython-313.pyc	1
root/uiSkillColor.py	uiSkillColor.py	1
