uiscript/uiscript/936_desc_warrior.txt	uiscript/936_desc_warrior.txt	1
uiscript/uiscript/extendedinventorywindow.py	uiscript/extendedinventorywindow.py	1
uiscript/uiscript/selectcharacterwindow.py	uiscript/selectcharacterwindow.py	1
uiscript/uiscript/936_desc_sura.txt	uiscript/936_desc_sura.txt	1
uiscript/uiscript/936_selectempirewindow.py	uiscript/936_selectempirewindow.py	1
uiscript/uiscript/selectempirewindow.py	uiscript/selectempirewindow.py	1
uiscript/uiscript/936_createcharacterwindow.py	uiscript/936_createcharacterwindow.py	1
uiscript/uiscript/acceptguildwardialog.py	uiscript/acceptguildwardialog.py	1
uiscript/uiscript/936_desc_empire_a.txt	uiscript/936_desc_empire_a.txt	1
uiscript/uiscript/949_desc_assassin.txt	uiscript/949_desc_assassin.txt	1
uiscript/uiscript/936_desc_assassin.txt	uiscript/936_desc_assassin.txt	1
uiscript/uiscript/949_desc_empire_c.txt	uiscript/949_desc_empire_c.txt	1
uiscript/uiscript/936_desc_empire_c.txt	uiscript/936_desc_empire_c.txt	1
uiscript/uiscript/inputdialog.py	uiscript/inputdialog.py	1
uiscript/uiscript/936_desc_empire_b.txt	uiscript/936_desc_empire_b.txt	1
uiscript/uiscript/936_desc_shaman.txt	uiscript/936_desc_shaman.txt	1
uiscript/uiscript/auctionwindow_uniqueauctionpage.py	uiscript/auctionwindow_uniqueauctionpage.py	1
uiscript/uiscript/936_loginwindow.py	uiscript/936_loginwindow.py	1
uiscript/uiscript/936_selectcharacterwindow.py	uiscript/936_selectcharacterwindow.py	1
uiscript/uiscript/949_createcharacterwindow.py	uiscript/949_createcharacterwindow.py	1
uiscript/uiscript/guildwindow_guildskillpage.py	uiscript/guildwindow_guildskillpage.py	1
uiscript/uiscript/createcharacterwindow.py	uiscript/createcharacterwindow.py	1
uiscript/uiscript/949_desc_empire_a.txt	uiscript/949_desc_empire_a.txt	1
uiscript/uiscript/farmsession/listitem.py	uiscript/farmsession/listitem.py	1
uiscript/uiscript/949_desc_empire_b.txt	uiscript/949_desc_empire_b.txt	1
uiscript/uiscript/buildguildbuildingwindow.py	uiscript/buildguildbuildingwindow.py	1
uiscript/uiscript/949_selectempirewindow.py	uiscript/949_selectempirewindow.py	1
uiscript/uiscript/949_desc_shaman.txt	uiscript/949_desc_shaman.txt	1
uiscript/uiscript/guildwindow_guildinfopage_jp.py	uiscript/guildwindow_guildinfopage_jp.py	1
uiscript/uiscript/949_desc_sura.txt	uiscript/949_desc_sura.txt	1
uiscript/uiscript/949_desc_warrior.txt	uiscript/949_desc_warrior.txt	1
uiscript/uiscript/costumewindow.py	uiscript/costumewindow.py	1
uiscript/uiscript/949_loginwindow.py	uiscript/949_loginwindow.py	1
uiscript/uiscript/949_selectcharacterwindow.py	uiscript/949_selectcharacterwindow.py	1
uiscript/uiscript/cuberesultwindow.py	uiscript/cuberesultwindow.py	1
uiscript/uiscript/atlaswindow.py	uiscript/atlaswindow.py	1
uiscript/uiscript/attachstonedialog.py	uiscript/attachstonedialog.py	1
uiscript/uiscript/changepassworddialog.py	uiscript/changepassworddialog.py	1
uiscript/uiscript/advanced_game_options/game_option_filter.py	uiscript/advanced_game_options/game_option_filter.py	1
uiscript/uiscript/auctionwindow.py	uiscript/auctionwindow.py	1
uiscript/uiscript/auctionwindow_listpage.py	uiscript/auctionwindow_listpage.py	1
uiscript/uiscript/guildwindow_memberpage.py	uiscript/guildwindow_memberpage.py	1
uiscript/uiscript/safeboxwindow.py	uiscript/safeboxwindow.py	1
uiscript/uiscript/auctionwindow_registerpage.py	uiscript/auctionwindow_registerpage.py	1
uiscript/uiscript/beltinventorywindow.py	uiscript/beltinventorywindow.py	1
uiscript/uiscript/gameoptiondialog_formobile.py	uiscript/gameoptiondialog_formobile.py	1
uiscript/uiscript/changegradenamedialog.py	uiscript/changegradenamedialog.py	1
uiscript/uiscript/guildwindow_boardpage.py	uiscript/guildwindow_boardpage.py	1
uiscript/uiscript/characterwindow.py	uiscript/characterwindow.py	1
uiscript/uiscript/chatsettingwindow.py	uiscript/chatsettingwindow.py	1
uiscript/uiscript/exchangedialog.py	uiscript/exchangedialog.py	1
uiscript/uiscript/connectingdialog.py	uiscript/connectingdialog.py	1
uiscript/uiscript/guildwindow_guildinfopage_eu.py	uiscript/guildwindow_guildinfopage_eu.py	1
uiscript/uiscript/cubewindow.py	uiscript/cubewindow.py	1
uiscript/uiscript/declareguildwardialog.py	uiscript/declareguildwardialog.py	1
uiscript/uiscript/equipmentdialog.py	uiscript/equipmentdialog.py	1
uiscript/uiscript/equipmenttabwindow.py	uiscript/equipmenttabwindow.py	1
uiscript/uiscript/helpwindow2.py	uiscript/helpwindow2.py	1
uiscript/uiscript/fishingwindow.py	uiscript/fishingwindow.py	1
uiscript/uiscript/gameoptiondialog.py	uiscript/gameoptiondialog.py	1
uiscript/uiscript/guildwindow_baseinfopage.py	uiscript/guildwindow_baseinfopage.py	1
uiscript/uiscript/privateshopbuilder.py	uiscript/privateshopbuilder.py	1
uiscript/uiscript/gamewindow.py	uiscript/gamewindow.py	1
uiscript/uiscript/guildwindow.py	uiscript/guildwindow.py	1
uiscript/uiscript/guildwindow_gradepage.py	uiscript/guildwindow_gradepage.py	1
uiscript/uiscript/guildwindow_guildinfopage.py	uiscript/guildwindow_guildinfopage.py	1
uiscript/uiscript/helpwindow.py	uiscript/helpwindow.py	1
uiscript/uiscript/mallwindow.py	uiscript/mallwindow.py	1
uiscript/uiscript/imekor.py	uiscript/imekor.py	1
uiscript/uiscript/inputdialogwithdescription.py	uiscript/inputdialogwithdescription.py	1
uiscript/uiscript/inputdialogwithdescription2.py	uiscript/inputdialogwithdescription2.py	1
uiscript/uiscript/webwindow.py	uiscript/webwindow.py	1
uiscript/uiscript/inventorywindow.py	uiscript/inventorywindow.py	1
uiscript/uiscript/loadingwindow.py	uiscript/loadingwindow.py	1
uiscript/uiscript/marklistwindow.py	uiscript/marklistwindow.py	1
uiscript/uiscript/messengerwindow.py	uiscript/messengerwindow.py	1
uiscript/uiscript/minimap.py	uiscript/minimap.py	1
uiscript/uiscript/moneyinputdialog.py	uiscript/moneyinputdialog.py	1
uiscript/uiscript/mousebuttonwindow.py	uiscript/mousebuttonwindow.py	1
uiscript/uiscript/movechanneldialog.py	uiscript/movechanneldialog.py	1
uiscript/uiscript/musiclistwindow.py	uiscript/musiclistwindow.py	1
uiscript/uiscript/partymemberinfoboard.py	uiscript/partymemberinfoboard.py	1
uiscript/uiscript/passworddialog.py	uiscript/passworddialog.py	1
uiscript/uiscript/pickmoneydialog.py	uiscript/pickmoneydialog.py	1
uiscript/uiscript/pickupfilterwindow.py	uiscript/pickupfilterwindow.py	1
uiscript/uiscript/popupdialog.py	uiscript/popupdialog.py	1
uiscript/uiscript/questdialog.py	uiscript/questdialog.py	1
uiscript/uiscript/whisperdialog.py	uiscript/whisperdialog.py	1
uiscript/uiscript/questiondialog.py	uiscript/questiondialog.py	1
uiscript/uiscript/questiondialog2.py	uiscript/questiondialog2.py	1
uiscript/uiscript/questiondialogitem.py	uiscript/questiondialogitem.py	1
uiscript/uiscript/refinedialog.py	uiscript/refinedialog.py	1
uiscript/uiscript/restartdialog.py	uiscript/restartdialog.py	1
uiscript/uiscript/rightmousebuttonwindow.py	uiscript/rightmousebuttonwindow.py	1
uiscript/uiscript/selectitemwindow.py	uiscript/selectitemwindow.py	1
uiscript/uiscript/shopdialog.py	uiscript/shopdialog.py	1
uiscript/uiscript/skillpointresetdialog.py	uiscript/skillpointresetdialog.py	1
uiscript/uiscript/systemdialog.py	uiscript/systemdialog.py	1
uiscript/uiscript/systemdialog_formall.py	uiscript/systemdialog_formall.py	1
uiscript/uiscript/systemdialog_forportal.py	uiscript/systemdialog_forportal.py	1
uiscript/uiscript/systemoptiondialog.py	uiscript/systemoptiondialog.py	1
uiscript/uiscript/taskbar.py	uiscript/taskbar.py	1
uiscript/uiscript/__pycache__/beltinventorywindow.cpython-313.pyc	uiscript/__pycache__/beltinventorywindow.cpython-313.pyc	1
uiscript/uiscript/__pycache__/equipmenttabwindow.cpython-313.pyc	uiscript/__pycache__/equipmenttabwindow.cpython-313.pyc	1
uiscript/uiscript/__pycache__/inventorywindow.cpython-313.pyc	uiscript/__pycache__/inventorywindow.cpython-313.pyc	1
uiscript/uiscript/advanced_game_options/game_option_0.py	uiscript/advanced_game_options/game_option_0.py	1
uiscript/uiscript/advanced_game_options/game_option_1.py	uiscript/advanced_game_options/game_option_1.py	1
uiscript/uiscript/advanced_game_options/game_option_2.py	uiscript/advanced_game_options/game_option_2.py	1
uiscript/uiscript/advanced_game_options/game_option_3.py	uiscript/advanced_game_options/game_option_3.py	1
uiscript/uiscript/farmsession/window.py	uiscript/farmsession/window.py	1
uiscript/uiscript/mission/item.py	uiscript/mission/item.py	1
uiscript/uiscript/mission/window.py	uiscript/mission/window.py	1
uiscript/uiscript/offlineshop/offlineshopbuilderwindow.py	uiscript/offlineshop/offlineshopbuilderwindow.py	1
uiscript/uiscript/offlineshop/offlineshopdecoration.py	uiscript/offlineshop/offlineshopdecoration.py	1
uiscript/uiscript/offlineshop/offlineshoplogwindow.py	uiscript/offlineshop/offlineshoplogwindow.py	1
uiscript/uiscript/offlineshop/offlineshopwindow.py	uiscript/offlineshop/offlineshopwindow.py	1
uiscript/uiscript/offlineshop/privateshopsearchdialog.py	uiscript/offlineshop/privateshopsearchdialog.py	1
uiscript/uiscript/offlineshop/__pycache__/privateshopsearchdialog.cpython-313.pyc	uiscript/offlineshop/__pycache__/privateshopsearchdialog.cpython-313.pyc	1
